lead_id,lead_indicator,date_part,source,customer_group,onboarding,customer_code
2,0.0,2024-01-06,signup,5,True,AAAEJOLSFX
10,,,,,,AACEDUWABX
13,,,,,,AAJURHRBIM
17,,,,,,AAMFOUYNWS
19,,,,,,AAXKODEIPG
22,,,,,,ABDZNSNDWE
27,,,,,,ABKNDWRTIM
28,,,,,,ABTSQBEZQR
29,,,,,,ABVBRHFQEU
30,,,,,,ABWJHHOOBT
32,,,,,,ABYRDNVMHG
33,,,,,,ACFSSZZNVZ
36,,,,,,ACGNMOMNLJ
38,,,,,,ACJHDYBUCE
40,,,,,,ACJJTWTJOQ
41,,,,,,ACXCBUSBJL
43,,,,,,ACYPUVHSOW
44,,,,,,ADFDXVYUVU
49,,,,,,ADKNQXITXD
55,,,,,,AEDBKAEPDM
57,,,,,,AEGDZBQHKR
58,,,,,,AEMGNGUOJT
61,,,,,,AEMOQPZTTB
68,,,,,,AFDHDEINEJ
72,,,,,,AFDIUPZXKT
87,,,,,,AFRHWOMSUN
88,,,,,,AGASPSNLCF
93,,,,,,AGJLWXBXYN
95,,,,,,AGKFSPREAL
97,,,,,,AGVKVNBNXN
104,,,,,,AGXCHWVNUU
107,,,,,,AIBXDAMJDE
109,,,,,,AIEGGEZJQZ
110,,,,,,AIGRJOYFEM
112,,,,,,AILCVRCBNV
116,,,,,,AINJTQPECE
126,,,,,,AIPNAALQUK
130,,,,,,AIZFXXNYVF
133,,,,,,AJNLYNBTPO
141,,,,,,AJPXNEYHEH
142,,,,,,AJTXKCIAPG
146,,,,,,AKFUINNLTI
148,,,,,,AKIQWCJTOO
152,,,,,,AKJLYQPNXV
160,,,,,,AKRULLBMLT
167,,,,,,ALBWFMQLGR
169,,,,,,ALFDMXVQXB
183,,,,,,ALLOPYHURT
185,,,,,,ALOKFRULOE
186,,,,,,ALRDCIXDLP
188,,,,,,ALVSZMFNUD
189,,,,,,ALWLXUCJVH
190,,,,,,ALZAHKARTP
191,,,,,,AMRPNFCPFD
194,,,,,,AMZNKKRAIL
197,,,,,,ANBQIPAHZW
200,,,,,,ANMRFMEGKW
204,,,,,,ANOEFYIWKP
211,,,,,,ANVCOQDWPG
212,,,,,,ANWRDPGYOA
213,,,,,,ANYOCIVWDQ
214,,,,,,ANZGRDYZMK
215,,,,,,AODLYRTAZM
221,,,,,,AOHSFVONKA
227,,,,,,AOJOQKQQOI
230,,,,,,AOOQECTXNK
234,,,,,,AORSCBDFWI
235,,,,,,AOVNSAMSSC
240,,,,,,APEPRZYWCZ
246,,,,,,AQFDMJSFVI
250,,,,,,AQKPRASGCO
252,,,,,,AQNYIPNNJA
253,,,,,,AQWDAKSOVU
256,,,,,,ARBQLFMROQ
259,,,,,,ARDJDQNFMO
267,,,,,,ARSOKBHOCJ
268,,,,,,ARUGZCRPFT
270,,,,,,ASEHVFRQUJ
272,,,,,,ASFMLLWFAX
275,,,,,,ASITRGWDPW
276,,,,,,ASJJJHZNME
279,,,,,,ASKTAZLRMK
281,,,,,,ASKUWRHHUA
286,,,,,,ASQRIGQLZF
293,,,,,,ASTTQPJFVJ
301,,,,,,ASVDFOXQWI
306,,,,,,ASWCJXLGPN
314,,,,,,ASWNZHCIVS
316,,,,,,ATCBABUBAX
320,,,,,,ATDYCZHSUY
321,,,,,,ATPZDOMIUK
326,,,,,,ATQPRIAYRB
327,,,,,,ATZJUIKWHH
338,,,,,,AUQSSLXIYU
345,,,,,,AVEFHMGARP
347,,,,,,AVJPLTKLOI
349,,,,,,AVOZVAAWCN
352,,,,,,AVWWOBYOXR
353,,,,,,AVZSCKPGSK
360,,,,,,AWCKWXRNBI
362,,,,,,AWIIFECOAC
367,,,,,,AWJJKEGORU
370,,,,,,AWVFUNTVVG
373,,,,,,AWVISZDZIR
374,,,,,,AWVYJVIBSP
382,,,,,,AXEMDGWYMU
385,,,,,,AXJTLZRQMB
388,,,,,,AXKEWVWUZT
391,,,,,,AXPCPYENRC
400,,,,,,AXUXDIPEYL
401,,,,,,AYAVVZAMGV
404,,,,,,AYDALARNFJ
406,,,,,,AYFDKJINMM
419,,,,,,AYFZBCRVKX
423,,,,,,AYGRLHZREK
426,,,,,,AYPCNDSEGM
427,,,,,,AYRUCECIZZ
430,,,,,,AYUDXPKKST
432,,,,,,AZNCEGLPMQ
436,,,,,,AZNNYQESJM
438,,,,,,BAEFLAWBAC
445,,,,,,BAIDUPSSXP
449,,,,,,BATUWIYLQE
451,,,,,,BAVWGRIWSQ
452,,,,,,BBPYZBLGJF
459,,,,,,BBRMJIJJBF
463,,,,,,BBSEAEVOWC
501,,,,,,BBVQLLAFLU
505,,,,,,BCDUZLIKWP
512,,,,,,BCFMVSUKMG
519,,,,,,BCLJERHNNE
523,,,,,,BCSMSZZGRV
525,,,,,,BCWKBSICHS
526,,,,,,BDMHEGMOLF
527,,,,,,BDQKEYUSMI
528,,,,,,BDSHYGTJZZ
530,,,,,,BDXILDGXBW
533,,,,,,BEALQNRXTS
534,,,,,,BEJHIHWRCW
537,,,,,,BEPVNVXCTM
539,,,,,,BETIPFHVRC
557,,,,,,BEWTJMIMIQ
558,,,,,,BFAGATXFHL
566,,,,,,BFZWCEHBEF
575,,,,,,BFZWUUEYBN
576,,,,,,BGBNDCQYRP
580,,,,,,BGHBIIIEDS
582,,,,,,BGQCBPBXYL
592,,,,,,BGQNNVRTDH
593,,,,,,BGYBNEELRK
598,,,,,,BHGFXSMMSW
599,,,,,,BHKTGWTMNB
602,,,,,,BHMDIOJTFQ
605,,,,,,BIAZHJUHGM
611,,,,,,BICMLSSZCV
614,,,,,,BIESEPTJIG
616,,,,,,BIGXSVKKAE
619,,,,,,BIHFEVBUIM
624,,,,,,BIOPNRCSEL
625,,,,,,BJABGDADPB
627,,,,,,BJAJOQRSIH
632,,,,,,BJBCDMUDAU
640,,,,,,BJJTTCCJHA
642,,,,,,BJWRUYAAIV
643,,,,,,BKGMCQZUFK
654,,,,,,BKLTCXBPQT
658,,,,,,BKNMMLKNGV
671,,,,,,BKPPEAYDFC
690,,,,,,BLCQHUCGJI
698,,,,,,BLEBOOJNQU
704,,,,,,BLIOFLRGFP
706,,,,,,BLPBCNIBEU
708,,,,,,BMBYXDIGRM
710,,,,,,BMMAQTPZTE
715,,,,,,BMQGCCZBEB
718,,,,,,BMTIJIHXDF
720,,,,,,BNHMAJOBLH
723,,,,,,BNJNDMKIOK
737,,,,,,BNSNYCLELS
740,,,,,,BNWPLDENZX
741,,,,,,BOEUIUJQED
745,,,,,,BOHKVNEGOJ
758,,,,,,BOKAWMIRXF
759,,,,,,BOOEINYNSA
762,,,,,,BOQYPHGPIS
771,,,,,,BOUMAKKJER
774,,,,,,BOWBRMAGUR
776,,,,,,BPCDMHWZRD
779,,,,,,BPFAREWMBX
781,,,,,,BPKYWJAQZH
786,,,,,,BPPXOIIDJV
789,,,,,,BPQXMGSSGK
791,,,,,,BQFYBZYOKG
794,,,,,,BQJQQSKNSJ
797,,,,,,BQZHIBAFJM
802,,,,,,BRZUKIQSDO
807,,,,,,BSCHNVVTQI
813,,,,,,BSLYHDQMIT
816,,,,,,BSMKYLHCBL
821,,,,,,BSPVRFJUIZ
831,,,,,,BSUAPJSXPG
835,,,,,,BSVQCCQWWD
836,,,,,,BTCIBDXITO
838,,,,,,BTDCFQUACC
839,,,,,,BTJKEVSCSH
842,,,,,,BTUFOWBOYX
850,,,,,,BTZVDYPLSV
860,,,,,,BUCJOWBXEF
865,,,,,,BUIGGUFKBN
866,,,,,,BUTHEPVFAK
870,,,,,,BVEZRKEXHZ
880,,,,,,BVHHYVZTZJ
883,,,,,,BVNPQZEVLA
888,,,,,,BVPJZVTACD
890,,,,,,BVQXNYGBPO
892,,,,,,BVVFJGRFTI
893,,,,,,BVXFSVTUQH
895,,,,,,BVYFMMNPUE
900,,,,,,BWKSTABDJH
915,,,,,,BXXUIJYZOA
919,,,,,,BYALBNXSUG
921,,,,,,BYLIOIAFUO
923,,,,,,BYWSRMMRXV
926,,,,,,BZBRQDXNDI
927,,,,,,BZGZYJSVQL
928,,,,,,BZHNHXCHNL
929,,,,,,BZJCNBMXML
934,,,,,,BZPNZECNBF
940,,,,,,BZSPGCIHEB
941,,,,,,BZWBSWNEWW
943,,,,,,CACUQOBFTN
944,,,,,,CAMTALIHGK
945,,,,,,CBFBCEAFOG
946,,,,,,CBGIAMEUOU
949,,,,,,CBGNYSREOX
952,,,,,,CBIBPLRFWO
957,,,,,,CBRIAYNGFL
958,,,,,,CBSTKJVEMD
960,,,,,,CBXMLAOIOT
969,,,,,,CCBDRTHLBO
970,,,,,,CCCYRKIYLD
973,,,,,,CCDDIXBQGA
974,,,,,,CCEMRNNMRB
983,,,,,,CCFBJJPCJF
988,,,,,,CCGKXELDPQ
993,,,,,,CCQBOPRSCA
995,,,,,,CDATBCLTFJ
997,,,,,,CDAUIRILEZ
999,,,,,,CDEWOREWVL
1004,,,,,,CDHJCEZUJM
1008,,,,,,CDIRHFEQYG
1009,,,,,,CDJQTAQOWJ
1028,,,,,,CDKVWATLEX
1036,,,,,,CDMRIQDYVL
1038,,,,,,CDNSRERPLZ
1052,,,,,,CDPRIHODCC
1057,,,,,,CDVGLDDPLR
1058,,,,,,CEDWZBKFLE
1062,,,,,,CEEADFHMTM
1063,,,,,,CEHMACKJTM
1065,,,,,,CELUJDWQTL
1068,,,,,,CEPCYMALNL
1070,,,,,,CFBQCXWTIT
1082,,,,,,CFSFIFSZGU
1087,,,,,,CFVVVSWJEO
1091,,,,,,CFYAKRQGVK
1092,,,,,,CFYSGXNLBM
1093,,,,,,CGBIECEJPX
1095,,,,,,CGMXKOHQAY
1115,,,,,,CGRPMCTXGI
1117,,,,,,CGSKURLYFH
1122,,,,,,CGVNDCEJOA
1123,,,,,,CGWEZDOGPJ
1126,,,,,,CGXJYOONML
1127,,,,,,CGZDTQFRZG
1134,,,,,,CGZYPVGZLK
1135,,,,,,CHECIYKDNZ
1142,,,,,,CHFPXMSBSM
1143,,,,,,CHQHMZZKDQ
1151,,,,,,CIDTDILZFD
1157,,,,,,CIGRZGAIZE
1169,,,,,,CIOZZKWTAZ
1174,,,,,,CIXKQEUISQ
1176,,,,,,CIZVFVPDDC
1194,,,,,,CJFXKDQDVH
1199,,,,,,CJLCZJWFPZ
1200,,,,,,CJRQGWTDCS
1201,,,,,,CJUVQIDPDK
1202,,,,,,CJVHKBASLT
1217,,,,,,CKBWQKSODK
1233,,,,,,CKSBLSAACM
1237,,,,,,CLYLQBATJZ
1241,,,,,,CMDLWSPMOC
1248,,,,,,CMKJNOOXVB
1258,,,,,,CMLEBNZBVN
1261,,,,,,CMNXJCHIIP
1266,,,,,,CMRDMTZINL
1269,,,,,,CMRGDHXBOJ
1270,,,,,,CMRSEYDUVF
1281,,,,,,CMVMLBXEEP
1285,,,,,,CNFMTURVSJ
1289,,,,,,CNGHVSGEHT
1290,,,,,,CNJXQAOGBF
1291,,,,,,CNKVNFRBSZ
1292,,,,,,CNMXFDKUGP
1297,,,,,,CNMYAAOJRR
1300,,,,,,CNNNKVXVBZ
1302,,,,,,CNXVEQQZDT
1304,,,,,,CNZYDETMTH
1305,,,,,,COCWCZCONN
1306,,,,,,CODRVMCHBD
1311,,,,,,COGAXYVMUI
1313,,,,,,COMPDTKJOV
1315,,,,,,COOSDUFZWH
1317,,,,,,COPHYJRPQJ
1322,,,,,,COQGIQDKJZ
1325,,,,,,CPADDAXJVL
1331,,,,,,CPJESSEHWT
1336,,,,,,CPOMUHDNVW
1340,,,,,,CQCMUDXNEP
1344,,,,,,CQOGTSRHCK
1345,,,,,,CQSNPZWGJX
1360,,,,,,CRJUHNYWZX
1363,,,,,,CRTWSFCJJR
1368,,,,,,CSIBPZBGGE
1383,,,,,,CSNOODQHKV
1385,,,,,,CSSGPUDVIM
1386,,,,,,CSWFAAPBFO
1395,,,,,,CSXGVSSOJV
1397,,,,,,CTNILAXOVM
1398,,,,,,CTQRHKUXCW
1399,,,,,,CTTBPSFQGY
1400,,,,,,CTXZCNDXGX
1401,,,,,,CUCAVXIQOK
1411,,,,,,CUOGTVGVLJ
1414,,,,,,CUQBDWZXOU
1416,,,,,,CUXXJVSUNY
1417,,,,,,CVDLNKPPCO
1419,,,,,,CVDUJCGNRJ
1429,,,,,,CVKVGJEZHP
1430,,,,,,CVXWXWYATY
1436,,,,,,CWDPPGXZCV
1443,,,,,,CWHXKIKNAF
1444,,,,,,CWZXLFAOYU
1453,,,,,,CXAGGSHZNB
1458,,,,,,CXCLACMHPP
1468,,,,,,CXPYJCJUWP
1474,,,,,,CXUUCQWNNU
1480,,,,,,CXXPPNMNPH
1489,,,,,,CXXQLRLVKZ
1492,,,,,,CYBJFLAPBI
1493,,,,,,CYKOEPSGQY
1496,,,,,,CYLYITSAQY
1500,,,,,,CYOEMXTHWP
1501,,,,,,CYPDWXUHHG
1502,,,,,,CZNJHKWNSM
1506,,,,,,CZQFRJIYDU
1513,,,,,,CZVKDNIWVH
1514,,,,,,CZVZHLBZOP
1516,,,,,,CZWDIPNQCA
1518,,,,,,CZWHKTCMPH
1521,,,,,,CZXUXVUJEL
1523,,,,,,CZZOSZWVNK
1524,,,,,,DABOAFDXJR
1526,,,,,,DAKDGKNZUT
1528,,,,,,DAKKNIKEBB
1529,,,,,,DASPVBQIKK
1532,,,,,,DAZVFCVSIP
1537,,,,,,DBAFTOJTZS
1539,,,,,,DBGGTLGAJH
1543,,,,,,DBMQVILOCG
1546,,,,,,DBNPTKRCHC
1547,,,,,,DCJFAVZEWB
1549,,,,,,DCTOQRHMJE
1553,,,,,,DDCILAYYFO
1560,,,,,,DDHEHZJPWI
1561,,,,,,DDPTGQIQWT
1562,,,,,,DDQMLAMHMO
1564,,,,,,DDUUCIWXSX
1579,,,,,,DDVNFBYRLL
1580,,,,,,DECGSJHVOT
1583,,,,,,DEEEWCFWJZ
1588,,,,,,DEFCDZVBZE
1596,,,,,,DEGZJMUPSD
1598,,,,,,DEIHQQKSFJ
1615,,,,,,DESIMKOMNP
1618,,,,,,DEXIQJBGBQ
1622,,,,,,DFEAJEQZPR
1627,,,,,,DFESMERZAY
1629,,,,,,DFQJENGJJL
1631,,,,,,DFSUMGNCSD
1632,,,,,,DFTXRDDCHH
1636,,,,,,DFZUECACTO
1642,,,,,,DGDWVAUZGN
1647,,,,,,DGKKRFRFWB
1653,,,,,,DGSQSVPPBU
1656,,,,,,DGTXJMGFUU
1657,,,,,,DGZOLTZPYY
1661,,,,,,DHKTVUNNUJ
1663,,,,,,DHSDDIQPQU
1672,,,,,,DHSKWPYDQT
1675,,,,,,DICEOFHERD
1677,,,,,,DICVSVGRUI
1678,,,,,,DIEBKIQXIE
1682,,,,,,DIHYBREBOI
1685,,,,,,DIKIPERNSN
1688,,,,,,DIOXHHUTJN
1704,,,,,,DIZUQQWZVD
1706,,,,,,DIZVUCIXFY
1709,,,,,,DJCUUWTCOT
1713,,,,,,DJEALFKUOZ
1722,,,,,,DJRJKEBERP
1723,,,,,,DKBMXACNRB
1731,,,,,,DKBYBGODOX
1735,,,,,,DKEWMFJLDR
1739,,,,,,DKEZPQOXOA
1740,,,,,,DKKQATLGKB
1741,,,,,,DLAGTTYUOP
1744,,,,,,DLDWGVGYYJ
1747,,,,,,DLGWZPMZYG
1750,,,,,,DLIBPQHLYE
1758,,,,,,DLMBXPSIGW
1761,,,,,,DLOHSRXRMY
1764,,,,,,DLVODZPRHG
1768,,,,,,DMAMZYYJVB
1772,,,,,,DMHMMMYBLQ
1776,,,,,,DMIUYWKJSQ
1777,,,,,,DNGAQVVEDN
1778,,,,,,DNZYBFEQQX
1782,,,,,,DOCRQVFMKQ
1784,,,,,,DODAAYGQUV
1787,,,,,,DOKJWLIUTG
1805,,,,,,DOKUSCZWXZ
1809,,,,,,DOWLVYREJN
1811,,,,,,DPBBOHDAWE
1812,,,,,,DPMGZUQRTD
1818,,,,,,DPMYZYLIZA
1819,,,,,,DPPFRZWOON
1823,,,,,,DPPVGLIHPY
1825,,,,,,DPQSHBGZDG
1828,,,,,,DPZDWMXKRZ
1829,,,,,,DQBBZCLEKF
1831,,,,,,DQDFQJFORJ
1837,,,,,,DQNNDIJJDL
1838,,,,,,DQYNCFTLGX
1842,,,,,,DREDMBMPYM
1856,,,,,,DSCDRRPAWG
1858,,,,,,DSCGRUHWNR
1859,,,,,,DSJTTHBCTL
1867,,,,,,DSLZDHKWHP
1869,,,,,,DSMDIAUJLE
1877,,,,,,DSNRRRQTUO
1891,,,,,,DSQIAWGTPE
1893,,,,,,DSRGYUFDMS
1896,,,,,,DSUYFXREVY
1899,,,,,,DSUZSKVONE
1900,,,,,,DTNKHTUKVK
1901,,,,,,DTTDQXBCPA
1902,,,,,,DTUFAVWZCM
1913,,,,,,DTYRGVFMCK
1918,,,,,,DUCIULRGXP
1919,,,,,,DUCXIBGBHD
1920,,,,,,DUFDNQWJWI
1931,,,,,,DUHGAKGTMI
1933,,,,,,DUNFDNCKWM
1938,,,,,,DUUZAZIEQS
1939,,,,,,DUWNGHGQSG
1940,,,,,,DVERMSJMZR
1943,,,,,,DVOJNYDAEA
1944,,,,,,DVQLNMPFWQ
1949,,,,,,DVRQFSBYLU
1962,,,,,,DVSBBUVEEX
1964,,,,,,DWDLBQRRMK
1966,,,,,,DWJNPCVIRB
1987,,,,,,DWJQWZYQSK
1989,,,,,,DWQGOSXCCE
2013,,,,,,DWTPUTCLZL
2015,,,,,,DWXIZCCODL
2019,,,,,,DWYVEJRRSW
2024,,,,,,DXDGZUZKUR
2026,,,,,,DXTHNNUKHO
2043,,,,,,DYKBAKCOVP
2046,,,,,,DYSUZSFLAP
2054,,,,,,DYTPERKCUL
2059,,,,,,DZDBBPIBKR
2062,,,,,,DZHTRLDBIX
2064,,,,,,DZLHVYHQGM
2070,,,,,,DZRUVRWOYK
2072,,,,,,DZSDXAFPQO
2073,,,,,,DZVLHHJWQQ
2074,,,,,,DZYSVLXJYC
2089,,,,,,DZZRNKMGIG
2104,,,,,,EAFAGAPLXC
2107,,,,,,EAGKRTIJYN
2108,,,,,,EAPRCDTQJP
2110,,,,,,EBAGMAMOTW
2111,,,,,,EBJVCQAMWG
2112,,,,,,EBWZYCKBBB
2114,,,,,,EBXDUNOSNI
2115,,,,,,ECAKXMJKWX
2121,,,,,,ECCRYEQQHX
2123,,,,,,ECSQVRZSXB
2134,,,,,,EDPLGSBUNX
2138,,,,,,EDVVZCPYNA
2141,,,,,,EDWMENKILD
2149,,,,,,EDYHSFZGDF
2150,,,,,,EEFPHWMQCP
2153,,,,,,EENGPKAJHM
2156,,,,,,EETDFBLZIT
2159,,,,,,EEVMJSSYZS
2171,,,,,,EFCXOHOXQM
2172,,,,,,EFIUSACWPD
2175,,,,,,EFTDSEOKSB
2181,,,,,,EGDEWLLBIV
2186,,,,,,EGGXLKZHKM
2191,,,,,,EGHPUZPFSD
2192,,,,,,EGLPETTXMS
2194,,,,,,EGQTGSRKXQ
2199,,,,,,EGRXHBBJAW
2206,,,,,,EGTJJDKHGU
2215,,,,,,EGTQWVKKFA
2217,,,,,,EHDFVKXMVO
2235,,,,,,EHMMMGVKOA
2237,,,,,,EHOPLGYDIS
2250,,,,,,EHPOOYPCZQ
2256,,,,,,EHXSXLSZIY
2257,,,,,,EIJXFNUKAB
2268,,,,,,EIQHJAMNJJ
2276,,,,,,EIUQUSIAUQ
2279,,,,,,EJCNCXBOPW
2289,,,,,,EJFHZTKJPF
2290,,,,,,EJFQSWZBJA
2295,,,,,,EJQXKRGXCK
2296,,,,,,EJSNQNJKCD
2297,,,,,,EJXOLSZJAX
2310,,,,,,EKIIBQYDWR
2316,,,,,,EKJALPEYFL
2317,,,,,,EKMJOCJXOU
2321,,,,,,EKVNECEIUE
2329,,,,,,ELHBMLSTMV
2330,,,,,,ELUKKAXANJ
2334,,,,,,EMBHQMSGGF
2335,,,,,,EMGJMRXOPJ
2338,,,,,,EMMIOPZNWO
2339,,,,,,EMUZKNKLJV
2343,,,,,,EMWUFOSHVR
2365,,,,,,EMZMTQXQMY
2366,,,,,,ENPJHYWNVV
2369,,,,,,ENRJFZMQNM
2374,,,,,,ENTMNADEVU
2376,,,,,,EOHPOGBRVK
2378,,,,,,EPBNHAVGYI
2380,,,,,,EPJEEVITQL
2382,,,,,,EPMDFKOEUJ
2384,,,,,,EPYJHZSBPZ
2392,,,,,,EQBWITRHIZ
2402,,,,,,EQOMPRQEWY
2405,,,,,,EQRKYOSSEM
2416,,,,,,EQRVZDGWUM
2422,,,,,,EQTJNXHEAX
2424,,,,,,EQVSQHAONR
2426,,,,,,ERDGQKGJPP
2433,,,,,,ERIKMYGDAL
2436,,,,,,ERKNULONYO
2438,,,,,,ERUAFIPKDC
2443,,,,,,ESEIFXIOPR
2444,,,,,,ESKJYWIXDL
2446,,,,,,ESLAJOWJEI
2447,,,,,,ESNGKFMALU
2449,,,,,,ESRCENFMSB
2452,,,,,,ESXNZUANNX
2455,,,,,,ETCAJJRHIP
2459,,,,,,ETCMPIAOPD
2464,,,,,,ETDTDQIARU
2469,,,,,,ETGKGETTMD
2474,,,,,,ETKHGMGKVN
2478,,,,,,ETKLNWESNT
2482,,,,,,ETLOZOCBFE
2489,,,,,,ETLTEZOQWY
2504,,,,,,ETZCZTEYFN
2508,,,,,,EUDIDVGZVG
2509,,,,,,EUFYBAHQRB
2514,,,,,,EUNFHIEGWA
2516,,,,,,EURCBAZIHI
2518,,,,,,EVTHGZMFAZ
2520,,,,,,EVTQSTMJAY
2532,,,,,,EWFLOYSRTB
2535,,,,,,EWGTKWVOIW
2545,,,,,,EWZVXUHPBJ
2546,,,,,,EXBZLLJMUR
2553,,,,,,EXLKCDJNYK
2554,,,,,,EXPWINXUAJ
2558,,,,,,EXSYJHERVO
2560,,,,,,EZALWLBQWP
2566,,,,,,EZDRRPTHUS
2567,,,,,,EZEXKIELWX
2575,,,,,,EZEYLMMXVJ
2581,,,,,,EZKOTPAAZU
2582,,,,,,EZPHDMBYBO
2584,,,,,,EZUJXLGPSL
2587,,,,,,FAARBAEYRU
2590,,,,,,FADJHIWDFL
2591,,,,,,FAFXZEYHBN
2594,,,,,,FAGHXBDLTV
2596,,,,,,FBGNHJCVCB
2598,,,,,,FBHBREWTGP
2601,,,,,,FBKLBLYQAZ
2608,,,,,,FBNHTELHWK
2610,,,,,,FBOBLIOYHV
2616,,,,,,FBXLHSNMCU
2617,,,,,,FBXSBQDBDE
2623,,,,,,FCCLHCCTVY
2627,,,,,,FCIPDZJQJY
2628,,,,,,FCNTCDPNMW
2629,,,,,,FCTNTNZZBJ
2630,,,,,,FCVLFDTLDA
2637,,,,,,FCVWAEPSKW
2640,,,,,,FCYUXYIGGD
2641,,,,,,FDBMYCWQUE
2644,,,,,,FDHTHYCCNN
2662,,,,,,FDHWOIHKSQ
2667,,,,,,FDRSCXIBBX
2668,,,,,,FEGHLKNARP
2669,,,,,,FEPJKOOKKW
2673,,,,,,FESGXOUUKL
2674,,,,,,FFECHHDHAI
2678,,,,,,FFGGNKJORY
2679,,,,,,FFIGBNGSHQ
2688,,,,,,FFJCRPIHDR
2692,,,,,,FFJEKSKWIM
2693,,,,,,FFKZJQKJPF
2698,,,,,,FFUBCHUAGP
2704,,,,,,FFWJYLWETQ
2707,,,,,,FGDHDPBTNU
2714,,,,,,FGLQBNEHTY
2720,,,,,,FGOISQRGOA
2721,,,,,,FGRMFXSBOU
2723,,,,,,FGZBNRYNOG
2728,,,,,,FGZUGTGZPZ
2729,,,,,,FHFZVKQTFQ
2730,,,,,,FHJSPNAAPM
2734,,,,,,FHPYTFPDNK
2735,,,,,,FHXAOMNNSA
2739,,,,,,FIKYIAHPQJ
2740,,,,,,FIQMFJMXFQ
2745,,,,,,FIQMPANKNJ
2747,,,,,,FIRKVYKSOI
2751,,,,,,FISMXFFHJY
2753,,,,,,FIXNUHDXPW
2758,,,,,,FJCXFSHPMK
2763,,,,,,FJDZWJYXSU
2771,,,,,,FJERSAZJID
2784,,,,,,FJIBTNGVFQ
2787,,,,,,FJPJFRMSBU
2804,,,,,,FJPJGMJRGE
2807,,,,,,FJVIZYAEFN
2817,,,,,,FKIVNZSVAU
2818,,,,,,FKJLVDJFBH
2824,,,,,,FKNJVWPVEQ
2829,,,,,,FKSGHUUQQW
2831,,,,,,FLFUBWUXIG
2832,,,,,,FLSFFRVWWD
2833,,,,,,FLXCREYSVB
2850,,,,,,FMGAEJTFGI
2857,,,,,,FMGLODWJAI
2859,,,,,,FMSHKPMNUT
2867,,,,,,FMYOJAFZUJ
2870,,,,,,FNBWALYWEU
2871,,,,,,FNKIQZWTPW
2872,,,,,,FNRHBTFPRS
2875,,,,,,FOEOLZOFZT
2876,,,,,,FOMNAHUVZK
2877,,,,,,FOQQXNHQQV
2879,,,,,,FOUNMYYFHQ
2880,,,,,,FOVYLHGWRW
2882,,,,,,FPCEEDREUA
2883,,,,,,FPNIDNNWYW
2886,,,,,,FQNTVPECHA
2887,,,,,,FQQOKOQQXL
2890,,,,,,FRGYBJEOKF
2892,,,,,,FSIBLEGSKD
2896,,,,,,FSIJMXDVMU
2898,,,,,,FSKYRENSPU
2903,,,,,,FSNNRUBSRQ
2911,,,,,,FSSBPGPGSY
2914,,,,,,FSUWRNZQET
2916,,,,,,FSXSWSYZUJ
2918,,,,,,FTWHSBFCLU
2919,,,,,,FUAJGVDDJF
2920,,,,,,FUSTHTPOIJ
2922,,,,,,FUUBKCMADL
2923,,,,,,FUWMNBWGNW
2924,,,,,,FUZZYFJQPG
2925,,,,,,FVIKAFWSNY
2934,,,,,,FVJNLYIHQO
2940,,,,,,FVMEFVCIYN
2953,,,,,,FVOSXZAJXC
2956,,,,,,FVRJASOOVI
2958,,,,,,FWAMCNBFWK
2971,,,,,,FWEZGMZAIE
2973,,,,,,FXLINDCLXP
2977,,,,,,FXNMMBBZEK
2983,,,,,,FXOCDEMHDN
2986,,,,,,FXUMCHXGDR
2987,,,,,,FXVLGDZPLQ
2990,,,,,,FYJKKYYAPR
2997,,,,,,FYLBEHOKCE
2998,,,,,,FYOETEMEWB
3000,,,,,,FYOYWUSZAS
3003,,,,,,FYPWIEXLCD
3008,,,,,,FYUWNVBNKH
3009,,,,,,FYZBTGWHBW
3012,,,,,,FZETSGKFXI
3014,,,,,,FZHYAADJQE
3017,,,,,,FZKUXVSSIY
3020,,,,,,FZWEUIYHNH
3023,,,,,,GABEBNJLXI
3024,,,,,,GALLJIUYAO
3028,,,,,,GALYZDOXKT
3031,,,,,,GANOKZUHJA
3032,,,,,,GBKUHJVHUS
3034,,,,,,GBNFFMATUK
3036,,,,,,GBOQQZTFHB
3038,,,,,,GCEQIFBWMC
3040,,,,,,GCIIZJBEAJ
3042,,,,,,GDDXICGHEH
3044,,,,,,GDHKLCOAZU
3045,,,,,,GDMEBGLZFE
3049,,,,,,GDQZLIOCWR
3050,,,,,,GDRPVPMVTG
3053,,,,,,GEKXBVEMOO
3060,,,,,,GELHLRACUF
3064,,,,,,GENTXWRVFK
3065,,,,,,GEPNYAAZSR
3069,,,,,,GETTHFHAFZ
3078,,,,,,GEZKTJNKPE
3083,,,,,,GFXWWTXGKC
3092,,,,,,GGFXXCBYCI
3094,,,,,,GGLAOITADT
3097,,,,,,GHBRMUFJZU
3103,,,,,,GHNCYYMMTP
3106,,,,,,GHWGFOBAFC
3114,,,,,,GIBIFRRMAT
3117,,,,,,GJFNBVHURZ
3118,,,,,,GJJUVPMKBX
3119,,,,,,GJTQDARNQY
3120,,,,,,GJUUTJQKSV
3124,,,,,,GJVEZDOBLT
3129,,,,,,GKIHITQJGU
3133,,,,,,GKNVETDHBJ
3135,,,,,,GKRZRAHZRE
3136,,,,,,GKYCYOPUND
3137,,,,,,GLBNJIRCHJ
3138,,,,,,GLCVYQSZVP
3144,,,,,,GLJNYXWPMV
3146,,,,,,GLJSWMIXBE
3147,,,,,,GLLZPMGDWI
3158,,,,,,GLNRLTZLAV
3171,,,,,,GLWOXGBVRO
3173,,,,,,GMWEVUCQOA
3177,,,,,,GMXEAQAOAY
3188,,,,,,GMZNXQFZMZ
3191,,,,,,GNDZVVGMOJ
3195,,,,,,GNJDENWRYK
3198,,,,,,GNKLDUTEZX
3200,,,,,,GNNGOXCAPG
3209,,,,,,GOBQDIQZOF
3214,,,,,,GOGGTKNAMI
3215,,,,,,GOUPNNKNGF
3216,,,,,,GPANBPLGNY
3221,,,,,,GPFMKTEPJQ
3224,,,,,,GPHQCQMAPX
3231,,,,,,GPZQGUPFJL
3234,,,,,,GQAPHMNXBK
3258,,,,,,GQKGIDELOD
3260,,,,,,GQSYXAOGVB
3262,,,,,,GQUNZKDSBV
3266,,,,,,GQXXGOMICE
3267,,,,,,GRDBMUTEGG
3268,,,,,,GRFLLGXKFI
3270,,,,,,GRHWTVCXAZ
3271,,,,,,GRJODJJLAI
3272,,,,,,GRNYTMWKFV
3277,,,,,,GRUOPWQOYV
3278,,,,,,GSDUMGKKZO
3282,,,,,,GSLXOVNNCP
3284,,,,,,GSMGYHLUEX
3285,,,,,,GSNQUUFPWA
3286,,,,,,GSXAXVUFOM
3296,,,,,,GSXSVCJTHZ
3305,,,,,,GTAQIBEWZJ
3321,,,,,,GTIIGDRUOJ
3323,,,,,,GUHJUXCUAI
3325,,,,,,GUNVFBQZGX
3326,,,,,,GUVWKAXSHF
3331,,,,,,GUWBQQPESD
3334,,,,,,GVEONZLTHP
3350,,,,,,GVIKENFAAJ
3356,,,,,,GVZQYVYHXC
3363,,,,,,GWAFNZUXER
3369,,,,,,GWDULVNRYC
3373,,,,,,GWEMHRLVWN
3374,,,,,,GWFJTZVNJQ
3382,,,,,,GWJPJOXKXH
3384,,,,,,GWJTIHBCYR
3385,,,,,,GWNOZVRSRB
3389,,,,,,GWOEZWKYXW
3392,,,,,,GWORPODTYF
3393,,,,,,GWQWPDNRCH
3398,,,,,,GWVOMKMNVV
3409,,,,,,GWZEZCVFIE
3410,,,,,,GXEFOLHTPO
3414,,,,,,GXFLOWQZBT
3415,,,,,,GXLGOBWSGK
3422,,,,,,GXPZDDWDVT
3424,,,,,,GXUPMVDSZQ
3425,,,,,,GXWCPZVDHC
3429,,,,,,GYCEGUAARE
3439,,,,,,GYHFQSCQRQ
3440,,,,,,HALZQIJHBT
3448,,,,,,HAPEKPSQAS
3453,,,,,,HAVYTCWJGT
3461,,,,,,HAYIQTDOOL
3462,,,,,,HBETTGEYHR
3463,,,,,,HBGYOUWFFS
3470,,,,,,HBHQOERLHE
3478,,,,,,HBNAXBXDFP
3479,,,,,,HBNCLHZWAK
3483,,,,,,HBNJVOURIO
3485,,,,,,HBXNNRNTBN
3491,,,,,,HCCUVOFNFM
3495,,,,,,HCFTYJYESU
3496,,,,,,HCREGJQJFB
3499,,,,,,HCWEXRGKXD
3504,,,,,,HDEGVLLLJR
3515,,,,,,HDFHPVKFSU
3518,,,,,,HDTREUUIBU
3523,,,,,,HEMAPGTMFR
3532,,,,,,HESHWYIAVV
3538,,,,,,HFELNNHTEW
3542,,,,,,HFJZPDTZWW
3544,,,,,,HFKGKUVHCG
3546,,,,,,HFXYUQNTLQ
3548,,,,,,HGXFZJELII
3554,,,,,,HHCOLRGNAV
3564,,,,,,HHKDVEJWZE
3570,,,,,,HHMMCVJSMA
3571,,,,,,HHVDNJFZQU
3572,,,,,,HHVZYFEERE
3575,,,,,,HHZAADKBJV
3579,,,,,,HIGFFFZBXL
3584,,,,,,HILSPTSIYF
3596,,,,,,HINGPSFRDB
3603,,,,,,HIOWAKEDPE
3611,,,,,,HITAYUTMFO
3613,,,,,,HIUCOLIGHC
3615,,,,,,HIYCCDTRVC
3621,,,,,,HJHHGYHOOS
3622,,,,,,HJLDOUDXLN
3624,,,,,,HJPVFTDGAI
3625,,,,,,HJYUGBHTAR
3628,,,,,,HJZSFDIBMZ
3631,,,,,,HKQPLFPOYF
3638,,,,,,HKSFUXDZOM
3641,,,,,,HLCCNLSQMQ
3647,,,,,,HLCXZMGQWK
3651,,,,,,HLFVQGPPIO
3652,,,,,,HMFVZCVRFY
3655,,,,,,HMMFWMRHSF
3661,,,,,,HMNFUOVOWZ
3672,,,,,,HMWBWLIZXA
3675,,,,,,HNCSCUVACM
3677,,,,,,HNFWONATIJ
3678,,,,,,HNHWICUNVD
3679,,,,,,HNKEFGEYSU
3682,,,,,,HOHMIPAGJV
3692,,,,,,HOIBWAKOLD
3693,,,,,,HOJWGSWIGX
3695,,,,,,HOKVCXTZAG
3702,,,,,,HOVYUZIDIO
3703,,,,,,HPDNXLWPMH
3705,,,,,,HPJMKSSYSR
3707,,,,,,HPNVUGXQYR
3711,,,,,,HPROWHSFYX
3713,,,,,,HPUNZBRNVF
3717,,,,,,HQBUKMOFEG
3721,,,,,,HQIHXHWQGG
3722,,,,,,HQMHSACEPR
3724,,,,,,HQRLHXJKVG
3726,,,,,,HQRTGOVLQM
3729,,,,,,HQXZWXBSPR
3730,,,,,,HRMYUNYBSF
3734,,,,,,HRNRQWROFT
3735,,,,,,HRVENXNVQF
3736,,,,,,HSJNPLNMJE
3743,,,,,,HSJRAWICYC
3747,,,,,,HSJVHVITCA
3749,,,,,,HSNSZMYFJV
3765,,,,,,HSOLKWCTHI
3768,,,,,,HSQYRPGTMN
3770,,,,,,HSULWPWXUQ
3791,,,,,,HSVWSGGCDV
3792,,,,,,HSXEYVBBHI
3794,,,,,,HTERUIZPKJ
3795,,,,,,HTGSXPQULO
3809,,,,,,HTUIUEAPSS
3815,,,,,,HTVOYCAQNA
3817,,,,,,HTYWKGXWGS
3822,,,,,,HUGEGAFJMC
3827,,,,,,HUIMLGLUBR
3828,,,,,,HUOSHWZLON
3831,,,,,,HUWWMYRIAI
3836,,,,,,HVQIUSLAKH
3839,,,,,,HVUOQUMBBG
3841,,,,,,HVVJRSOYEW
3842,,,,,,HWAUMSYTNP
3851,,,,,,HWDDRWHCTP
3853,,,,,,HWDYYSGJZR
3854,,,,,,HWQUBFATPM
3855,,,,,,HWTYUNFTTZ
3857,,,,,,HXAFYZMHZC
3862,,,,,,HXGOWEJBDG
3863,,,,,,HXPASTZDXZ
3864,,,,,,HXREICAIYJ
3866,,,,,,HXRSEUHHLY
3876,,,,,,HXSSEVHONE
3877,,,,,,HYAKHILAAG
3885,,,,,,HYCADOJOGA
3887,,,,,,HYDNJAJBXV
3890,,,,,,HYENOYJEZK
3899,,,,,,HYLNLUHQNC
3900,,,,,,HYNSPDAMAD
3906,,,,,,HYODHIJZRT
3907,,,,,,HYPKHTLAFQ
3908,,,,,,HZFVXJXGEL
3911,,,,,,HZJCMQWKYD
3912,,,,,,HZLJPUTAFJ
3919,,,,,,IAIVQNXLUW
3921,,,,,,IANHMSKHXJ
3927,,,,,,IAPSPPLUZL
3928,,,,,,IAUUKYGBQH
3938,,,,,,IBQSDBFJZE
3948,,,,,,ICDPTWVENR
3954,,,,,,ICFDHASCRP
3958,,,,,,ICULORHOKI
3964,,,,,,IDIGDMVQGK
3967,,,,,,IDQAVCIYYV
3971,,,,,,IDWAPZEBVK
3974,,,,,,IDXEYODXHJ
3977,,,,,,IEGWQOTQLP
3979,,,,,,IENDWPLOWC
3982,,,,,,IEXGHXCYGL
3983,,,,,,IEZFZYLBXN
3989,,,,,,IFCTVNVWVR
3995,,,,,,IFFABNDVAR
4000,,,,,,IFLXJVNNDX
4005,,,,,,IFNGRTLECD
4010,,,,,,IFXIRKHQPW
4015,,,,,,IGBRAEXVGD
4016,,,,,,IGCIXTLQSM
4022,,,,,,IGCRUVGOSP
4024,,,,,,IGETTWYIRY
4030,,,,,,IGMFOSYPKI
4037,,,,,,IGNPHQDUWU
4038,,,,,,IGRACZTRUE
4042,,,,,,IGRCKRUDNP
4047,,,,,,IGVWEEJQMV
4048,,,,,,IGXVLHHNQS
4071,,,,,,IHGBKFZDVF
4075,,,,,,IHGRLMKEYX
4076,,,,,,IHICWBXNCK
4077,,,,,,IHKKEGWJFN
4079,,,,,,IHRULTCIEG
4088,,,,,,IHYINFFRJH
4096,,,,,,IIALMAJUOU
4098,,,,,,IIATISIBRX
4103,,,,,,IIMNLYHAOF
4104,,,,,,IINVAXVSJQ
4109,,,,,,IISCHQFBIE
4115,,,,,,IIYVSQVHBP
4117,,,,,,IIZPCDFOVT
4121,,,,,,IJDNSPVHJA
4122,,,,,,IJGSYPFTRI
4126,,,,,,IJRNBNTHVQ
4136,,,,,,IJXAWEHIWV
4142,,,,,,IJXZIYUQDN
4146,,,,,,IJZWGWZKTK
4151,,,,,,IKILXPPLIC
4154,,,,,,IKLMFEYYHN
4157,,,,,,IKTJZLFZBL
4160,,,,,,ILBYCVCCZP
4162,,,,,,ILIGJWOISW
4165,,,,,,ILTFLEWDMN
4166,,,,,,ILWTLFFGTI
4167,,,,,,IMFVCCFBRU
4169,,,,,,IMHFUSWNTE
4170,,,,,,IMSDFJHRPJ
4176,,,,,,IMSTNKMAYE
4177,,,,,,IMWGNXGDJL
4185,,,,,,IMWPZUHTKZ
4190,,,,,,INBPCXTHDB
4196,,,,,,INDGXRKGGO
4199,,,,,,INETGXZCBY
4200,,,,,,INIQMTGGOO
4204,,,,,,INRLJGMVKR
4205,,,,,,IOATNFQJIR
4206,,,,,,IODVZQOYDV
4208,,,,,,IOHXDYLWNE
4209,,,,,,IOZDGWIBNR
4213,,,,,,IPCGESJGVN
4216,,,,,,IPCMKAZHQO
4225,,,,,,IPFVFVIXTB
4240,,,,,,IPPEBAYARQ
4244,,,,,,IPQMFUFNXZ
4247,,,,,,IPUJISGCJM
4252,,,,,,IPVTOHSOWN
4253,,,,,,IQMLCFDTPR
4268,,,,,,IQODHXIDPC
4270,,,,,,IQPDRMGKJJ
4282,,,,,,IQPJONSAIX
4286,,,,,,IQSELTGQOP
4288,,,,,,IQSYRVYMXN
4297,,,,,,IROQPSWYUC
4299,,,,,,IRXMJUFMIP
4305,,,,,,ISAVQQSOWP
4306,,,,,,ITBKUVTUOL
4308,,,,,,ITBRPMVHZU
4316,,,,,,ITILLUTWLQ
4321,,,,,,ITQUNHYVWL
4322,,,,,,ITTSVDBGAQ
4326,,,,,,ITXSZDVKSX
4328,,,,,,IUHPNZIIWA
4329,,,,,,IULXBBCTSL
4338,,,,,,IUSHWAQWDD
4339,,,,,,IUSQOMFYGS
4340,,,,,,IUSXUOUNSQ
4342,,,,,,IUZVFZXTLD
4346,,,,,,IVAVSZAISB
4348,,,,,,IVBBJUMUZH
4356,,,,,,IVHHPIMLJI
4358,,,,,,IVISXCCGOZ
4362,,,,,,IVKHEBDYIZ
4363,,,,,,IVOEUNRTDE
4364,,,,,,IVTHIZQWYS
4370,,,,,,IVVDWUBJSW
4371,,,,,,IWEFHWEQOD
4375,,,,,,IWFLKDLAPJ
4382,,,,,,IWUTSXBYKH
4383,,,,,,IWXFXKVIIE
4388,,,,,,IXAXKNLXPN
4389,,,,,,IXRMCQJROD
4390,,,,,,IXRSKBZDGM
4392,,,,,,IYNCYSMWUV
4401,,,,,,IYXQSDCIBN
4403,,,,,,IZBIFUHDBB
4409,,,,,,IZCLJSFDQN
4410,,,,,,JAPGALFVIA
4414,,,,,,JAZUUCNIJT
4415,,,,,,JBIJNXCLSV
4418,,,,,,JBJDCNSVYQ
4420,,,,,,JBXZNTYONW
4423,,,,,,JCIEDKMCHM
4429,,,,,,JCRVAOVKNT
4431,,,,,,JCYIPDFKSM
4433,,,,,,JCZLVQQKEW
4439,,,,,,JDFCCVVXIH
4442,,,,,,JDOZXNRUEE
4444,,,,,,JEAQXMIIUD
4448,,,,,,JEBHPWJZKS
4449,,,,,,JELRVEIWTP
4451,,,,,,JETKYIUQUT
4457,,,,,,JEYYWXOWXP
4458,,,,,,JFLRBCHQYR
4459,,,,,,JFSDTHYUTZ
4465,,,,,,JGCVHIYVQN
4472,,,,,,JGFSZJNWNT
4474,,,,,,JGGJJTHPRU
4475,,,,,,JGHRPLVJHQ
4478,,,,,,JGKCKXDUCV
4481,,,,,,JGKHZBJVGN
4482,,,,,,JGMBJYOGLP
4484,,,,,,JGSJSMDCQM
4489,,,,,,JGVFNTNHBN
4490,,,,,,JGXIDQJITC
4493,,,,,,JGXIZDNFGL
4497,,,,,,JHAOJJIWCW
4499,,,,,,JHKXKKHJHS
4502,,,,,,JHKZGNYHBY
4505,,,,,,JHLUZDSKYM
4508,,,,,,JHOIMIOWAQ
4509,,,,,,JHONYSWIIW
4511,,,,,,JHOUMWMRXA
4516,,,,,,JHPZCPJEKQ
4518,,,,,,JHTCCHKVDZ
4521,,,,,,JIEHMTXUCX
4522,,,,,,JIFNPWEUUD
4526,,,,,,JIVFWLYYKT
4535,,,,,,JJCQVKDIXI
4545,,,,,,JJWFTFGCPF
4553,,,,,,JJZKJPOQXT
4558,,,,,,JKWWDZQSAI
4562,,,,,,JKZUPBYFNF
4567,,,,,,JLBUPGBEFP
4569,,,,,,JLEERBNEEM
4571,,,,,,JLMOHYDREA
4577,,,,,,JLRFMDMOXI
4579,,,,,,JLTAHGPYCD
4586,,,,,,JMFONJZUPE
4589,,,,,,JMHUQKZOPW
4605,,,,,,JMOOHGXTWM
4610,,,,,,JMTGMQDPTP
4611,,,,,,JNDGBFIWYA
4614,,,,,,JNELELVHXF
4615,,,,,,JNFVVLCELY
4624,,,,,,JNQQPOSROK
4640,,,,,,JNWPKXCSSO
4641,,,,,,JOBXAGMXRO
4642,,,,,,JOMHBVOZBU
4650,,,,,,JOQCUDQYRB
4653,,,,,,JOUFDIXAWH
4661,,,,,,JPCQXFDVJJ
4663,,,,,,JPFHRDTNBT
4666,,,,,,JPHAGZZIKU
4672,,,,,,JPXOFLDFBY
4674,,,,,,JQBLPRAMCL
4676,,,,,,JQFYLLPHMC
4679,,,,,,JQGSAYRTLZ
4680,,,,,,JQIVUASPUK
4681,,,,,,JQJJBJRGPP
4683,,,,,,JRAIOGTSDO
4704,,,,,,JRCSJQZRQJ
4707,,,,,,JRDHFBNDVQ
4710,,,,,,JSQXSHMBHI
4716,,,,,,JSZCGIXSYF
4718,,,,,,JTGDLMIUSM
4721,,,,,,JUBWQDOQUA
4722,,,,,,JUHFDRFWMA
4726,,,,,,JVGLOIHUBA
4730,,,,,,JVIHQMSTQG
4734,,,,,,JVXMSSXWVN
4744,,,,,,JWCDKWTMHG
4745,,,,,,JWKEEDYOXD
4748,,,,,,JWLXPVANUM
4753,,,,,,JWOTSQWJRX
4758,,,,,,JWWHQFSIOQ
4762,,,,,,JXBHOLPLQA
4763,,,,,,JXCRMBPJYQ
4772,,,,,,JXMJCGFCYM
4779,,,,,,JXODHIHFVI
4786,,,,,,JXWKANDJCR
4787,,,,,,JXZLGUQESY
4788,,,,,,JYDGHGBADV
4792,,,,,,JYFIJESLYA
4799,,,,,,JZCHAPKENI
4803,,,,,,JZCKWUVUMR
4805,,,,,,JZEXSJBXKR
4808,,,,,,JZHQJOIMXM
4810,,,,,,JZMFZTQIJI
4812,,,,,,JZRPUHQNNP
4814,,,,,,JZUSHCNZAY
4815,,,,,,KAQBENMQBO
4817,,,,,,KAXDBJCSDA
4818,,,,,,KBERHWKHPX
4820,,,,,,KBHUJNAYCC
4821,,,,,,KBQXJSRZYQ
4824,,,,,,KCJFHPOGNS
4830,,,,,,KCOFGBIBCI
4833,,,,,,KCSDVIFKHN
4836,,,,,,KCYDWELOJY
4842,,,,,,KCYMGBDYSC
4843,,,,,,KDASUODDGC
4847,,,,,,KDBXMWKDSQ
4855,,,,,,KDBZTSEYVG
4856,,,,,,KDISVBCBNZ
4857,,,,,,KDMXYHORGN
4860,,,,,,KDNQMBUTXR
4862,,,,,,KDYJRUYLRB
4869,,,,,,KDYSPTVHVL
4875,,,,,,KDZGHMEJJF
4876,,,,,,KEAXYUFTQA
4880,,,,,,KELUEVBBSM
4883,,,,,,KENSBQFTIE
4884,,,,,,KEUBNAMPVY
4885,,,,,,KEWNHHFGFC
4905,,,,,,KEXKYLQNPR
4908,,,,,,KEXPNQWDAB
4909,,,,,,KFCZUDFTTK
4919,,,,,,KFIJDCYVMI
4922,,,,,,KFOXUKDHML
4925,,,,,,KGALJSISUB
4940,,,,,,KGOAAOKKSI
4942,,,,,,KGQIZKUYSQ
4945,,,,,,KGVYAKTWQA
4949,,,,,,KGXTPFUKHE
4951,,,,,,KHHOWXJHVY
4961,,,,,,KHKUDJQTGF
4962,,,,,,KHNQOMUMWI
4963,,,,,,KHWPPVOGSR
4964,,,,,,KHZDQOTATT
4967,,,,,,KIJAMTPQTO
4969,,,,,,KIOHQRDXUJ
4970,,,,,,KISORNIIEE
4973,,,,,,KITDWIZCHC
4982,,,,,,KIVZQAHNQS
4983,,,,,,KIZJFMPBXR
4987,,,,,,KJGJQLCEQL
4989,,,,,,KJJLWOBSQO
4995,,,,,,KJMEYVSTBY
4998,,,,,,KJXQCDCTJS
5000,,,,,,KKMOBZGCIE
5005,,,,,,KKSQLICZSV
5008,,,,,,KKTVUSXMAB
5009,,,,,,KKUOYYYMXM
5013,,,,,,KKVIMRXGKV
5014,,,,,,KKVQPUBEJX
5020,,,,,,KKWCYIRNAZ
5023,,,,,,KLHQXTEKPP
5024,,,,,,KLKHGUSGBG
5026,,,,,,KLLPJZIKHI
5035,,,,,,KLMROGVIZV
5039,,,,,,KLVZJJMJQX
5040,,,,,,KMBDSULEIN
5041,,,,,,KMFNNCZVER
5043,,,,,,KMMXGMSKAL
5047,,,,,,KMVMRDBFEG
5048,,,,,,KNBSXRFBYU
5049,,,,,,KNDCQISUNM
5051,,,,,,KNOVNLEFXE
5054,,,,,,KNPEXITIRL
5065,,,,,,KNTGMSZSYJ
5081,,,,,,KNTLJEPMSV
5083,,,,,,KNZOXEGIHS
5089,,,,,,KOBMKCQQFU
5093,,,,,,KOCOJBPDJF
5099,,,,,,KOCYNCMCMV
5102,,,,,,KPGFHDARUY
5105,,,,,,KPGLVAKXJE
5106,,,,,,KPIEBHQEZO
5113,,,,,,KPJFKYPJXI
5120,,,,,,KPUATKZLZH
5121,,,,,,KPZGQBEANA
5122,,,,,,KQAKBGLQBJ
5125,,,,,,KQCZNCDAIY
5135,,,,,,KQIKJUVEPH
5137,,,,,,KQJYZLHSZY
5139,,,,,,KRAQGHYBIK
5141,,,,,,KRDMVIPTNM
5145,,,,,,KRKJISITVQ
5149,,,,,,KRPKBCLMHS
5151,,,,,,KRQIVZIHFU
5163,,,,,,KRZDOUFYVV
5166,,,,,,KRZVXEEJZF
5172,,,,,,KSDUPSVPAK
5174,,,,,,KSFBYVAFBQ
5175,,,,,,KSFIGBQODL
5178,,,,,,KSKDFVQOHW
5183,,,,,,KSQPUHVANL
5184,,,,,,KSSUHTGZUS
5187,,,,,,KTEXNSGWXC
5189,,,,,,KUBWYHOHAV
5190,,,,,,KUFBVMQIRE
5193,,,,,,KUWEPACDAS
5199,,,,,,KUZEHAUOTH
5202,,,,,,KVBWCGXJTY
5208,,,,,,KVHKRDJGQS
5211,,,,,,KVIRGPJKCP
5214,,,,,,KVROOAMJMC
5217,,,,,,KVTBLIRNVO
5222,,,,,,KVVQFAEPLW
5223,,,,,,KWBXCTCNCH
5225,,,,,,KWPRBKALJZ
5237,,,,,,KXFGKWWOBU
5242,,,,,,KXIHQYHQLZ
5247,,,,,,KXQXBESOUT
5253,,,,,,KXXBSWRRSA
5262,,,,,,KXXIFZDSBG
5267,,,,,,KYCOUTOJNW
5276,,,,,,KYDNOHKAHW
5283,,,,,,KYGDUCUWYM
5289,,,,,,KYHRIEOCUI
5290,,,,,,KYIPCUUNCX
5291,,,,,,KYMUFOPYVW
5296,,,,,,KYMVGSKAEN
5302,,,,,,KYNGFOZFIQ
5305,,,,,,KYSQAFHTZV
5306,,,,,,KYSZALHWJC
5309,,,,,,KYUCVVIKET
5310,,,,,,KZMRDWZYDJ
5314,,,,,,KZQNYKPITJ
5315,,,,,,KZXYFAXPOB
5319,,,,,,LAOEQTDSSG
5327,,,,,,LBAUOECLYS
5328,,,,,,LBBKBHEMOC
5335,,,,,,LBFOJAUIRQ
5337,,,,,,LBHXADFVWZ
5342,,,,,,LBIFWPYBWF
5347,,,,,,LBVOYBXDPV
5349,,,,,,LCDPCGIMZS
5352,,,,,,LCIDNGXIPX
5363,,,,,,LCIDXYHHHT
5370,,,,,,LCPVQHWXGP
5372,,,,,,LCVLCZZZJU
5385,,,,,,LCWXVYNKYI
5392,,,,,,LCYFFDBAQQ
5396,,,,,,LDDQHGQDXK
5400,,,,,,LDGCMQHDUT
5403,,,,,,LDNMEKIJIU
5404,,,,,,LDOHETXYAD
5420,,,,,,LDUJEUQXON
5424,,,,,,LDXYPHJZKO
5428,,,,,,LEDVIIZSHG
5430,,,,,,LELXJRTSEJ
5434,,,,,,LEMCHINEJH
5437,,,,,,LEMDSOVLTD
5438,,,,,,LEYQVNCRUV
5449,,,,,,LFIOGBMCAH
5457,,,,,,LFIWBWUBFF
5466,,,,,,LFLZOXAMJE
5472,,,,,,LFOFQGPAZR
5478,,,,,,LFQCOTOVMT
5480,,,,,,LFTQPAOKJR
5488,,,,,,LFYVOZBMAM
5497,,,,,,LGURQKAIHQ
5500,,,,,,LGZDTMNLJY
5502,,,,,,LHDDDWNKPF
5505,,,,,,LHDKXXHDHG
5511,,,,,,LHJZICTNCM
5521,,,,,,LHMGICHNKD
5526,,,,,,LHNEZASYZM
5528,,,,,,LHTJMPCUTS
5529,,,,,,LHWGCREPLD
5530,,,,,,LIQTZNOOEM
5531,,,,,,LISVPCGTBE
5534,,,,,,LIXHINLOTY
5539,,,,,,LJERLXERYO
5550,,,,,,LJMVWKYUUM
5555,,,,,,LJODVIOVVO
5558,,,,,,LJVDFLSISA
5559,,,,,,LKDJPQDHOK
5560,,,,,,LKFPYQHWKE
5568,,,,,,LKFTELMNZP
5576,,,,,,LKIMQVWWXL
5582,,,,,,LKJDVRQUWK
5585,,,,,,LKRXEDHBRA
5597,,,,,,LLHHSYSBZZ
5599,,,,,,LLKIMZRFAG
5606,,,,,,LMCSWAJNEV
5621,,,,,,LMNRFBAMSB
5624,,,,,,LMQBCPSWNV
5626,,,,,,LMSCAUKTOS
5628,,,,,,LMVSUQADIL
5631,,,,,,LNPJIORHRL
5633,,,,,,LNTFMHXDXM
5635,,,,,,LNUWZZACWN
5643,,,,,,LOFVJGSLFD
5647,,,,,,LORDOPYUBO
5649,,,,,,LOVMYISAAY
5652,,,,,,LPESJXIBLB
5659,,,,,,LPEUSIEUFA
5661,,,,,,LPGTEFYWJL
5662,,,,,,LPNPGIKQVW
5669,,,,,,LPPRLFLFIS
5671,,,,,,LQJXISEDOF
5675,,,,,,LQPZBSQJWP
5677,,,,,,LRIXNUKRNE
5679,,,,,,LRPXVXSUVW
5682,,,,,,LRRNQZHZPW
5686,,,,,,LRZASXUMKT
5689,,,,,,LSIGBTAGSN
5692,,,,,,LSMYANDLTJ
5700,,,,,,LSNPONBOHB
5706,,,,,,LSRDZCXPII
5710,,,,,,LSSFKTGEYJ
5712,,,,,,LSUASLIFSQ
5713,,,,,,LUBQTNWDCM
5717,,,,,,LUDOOIRVBJ
5719,,,,,,LUNQHYLFUU
5725,,,,,,LUTOZVEDMC
5727,,,,,,LUWHUOPKXR
5744,,,,,,LUYEFWDJXD
5749,,,,,,LVCNAHKKZY
5761,,,,,,LVJQWQXXLU
5773,,,,,,LVNGRTKBEU
5774,,,,,,LVOUIOVNZB
5777,,,,,,LWAWRRGLCS
5780,,,,,,LWCELTGQJP
5781,,,,,,LWOFFEDBBJ
5782,,,,,,LWPKLICTCR
5794,,,,,,LWZIMHYSKP
5802,,,,,,LXBLRPVNRF
5808,,,,,,LXBNGUBETM
5813,,,,,,LXCVWXRWIZ
5815,,,,,,LXDOIEJMIM
5822,,,,,,LXGGISTXEU
5833,,,,,,LXJQJDBLOC
5837,,,,,,LXTYAPMYYW
5838,,,,,,LXUDDZYENG
5839,,,,,,LYAECLTHHT
5842,,,,,,LYBCDYVCHQ
5843,,,,,,LYBRITTTHJ
5852,,,,,,LYPLICCMTF
5857,,,,,,LYQTAAZWDC
5860,,,,,,LYWGSLNBTH
5864,,,,,,LYXMLYDSER
5865,,,,,,LZCAIHHSLW
5879,,,,,,LZMAMZGVDK
5886,,,,,,LZROQLITBB
5888,,,,,,LZRULEDIAM
5889,,,,,,LZTIPXLSJM
5893,,,,,,LZWPUGKLON
5912,,,,,,MAHSOLTKEW
5913,,,,,,MAXOMNPSPY
5914,,,,,,MAZBBJQRNY
5927,,,,,,MBFRWACPUX
5928,,,,,,MBICZRJSZF
5936,,,,,,MBJDHVKTCB
5940,,,,,,MBKVOOOJIF
5942,,,,,,MBQEZHLWZB
5943,,,,,,MBWGJGUXWE
5949,,,,,,MCFWIOWYZZ
5951,,,,,,MCHXWWNLBG
5954,,,,,,MCOMHBKHVI
5964,,,,,,MCZWEFUHJV
5965,,,,,,MDMSIDLLIW
5969,,,,,,MDMTEYEJQZ
5972,,,,,,MEABRPYKTZ
5973,,,,,,MELNYFJEGF
5974,,,,,,MEMJQUGZLG
5981,,,,,,MEOQYCBNEH
5989,,,,,,MEPQIJCKNY
5995,,,,,,MEXAREOXRA
5999,,,,,,MEYVSUAKKF
6000,,,,,,MFDUAODPLQ
6004,,,,,,MFELPVBLUU
6010,,,,,,MFQNWOZXMS
6022,,,,,,MFZTCBDXMA
6026,,,,,,MGAQGZIRTE
6027,,,,,,MGDUJEJIMW
6031,,,,,,MGEPHNSUHQ
6034,,,,,,MGKJJBXSDR
6042,,,,,,MGMRNGEGBZ
6043,,,,,,MGPHALZUZK
6045,,,,,,MGRGVHVFZA
6053,,,,,,MGXGTIJGZL
6057,,,,,,MHCYGCCQFU
6076,,,,,,MHPAZXXMOE
6080,,,,,,MHRMRCHOJZ
6085,,,,,,MHSUUXYIIR
6086,,,,,,MHZLKADZAW
6090,,,,,,MIPVLNBQFF
6093,,,,,,MIZMIJBAIN
6094,,,,,,MJAGJCZATH
6095,,,,,,MKAUXKOLWQ
6096,,,,,,MKCTDFDCNR
6101,,,,,,MKFDWJVUNE
6104,,,,,,MKGWCYTFDZ
6107,,,,,,MKMEFFWXUB
6111,,,,,,MKONXJUTAK
6116,,,,,,MKOTJCXGWA
6119,,,,,,MKPPMFDIXA
6124,,,,,,MKSYUTUPJP
6128,,,,,,MKSZSFHRSX
6130,,,,,,MLFEFFQWQT
6131,,,,,,MLMOLNDNQB
6132,,,,,,MLOSPEFBIA
6135,,,,,,MLQLAMULRV
6138,,,,,,MLVCYRNKIF
6140,,,,,,MMFXEKFWNT
6144,,,,,,MMHXSOMSNQ
6146,,,,,,MMKBBVBXCB
6147,,,,,,MMKZHSKOQU
6150,,,,,,MMLZNJPOHM
6155,,,,,,MMXXIXDJAB
6161,,,,,,MNCSDIPRDF
6164,,,,,,MNIWAGGAWT
6168,,,,,,MNVLQAHZSJ
6176,,,,,,MOGYTJPQWY
6178,,,,,,MOMOGJLAHZ
6181,,,,,,MOMOKJHCOS
6193,,,,,,MOWNTOZZBK
6194,,,,,,MPHAMNJDFG
6195,,,,,,MPHBRYQDLY
6201,,,,,,MPHJSEGXUE
6206,,,,,,MPIVSIEJIZ
6207,,,,,,MPOMJZIBWT
6209,,,,,,MPPOETBNWQ
6214,,,,,,MPTVDVPJEP
6220,,,,,,MPUEQUTADQ
6221,,,,,,MQAVKEKNGF
6243,,,,,,MQKUIATYIZ
6249,,,,,,MQLWZAUPFM
6250,,,,,,MQMFGWOUED
6253,,,,,,MQNLHHLOPH
6269,,,,,,MQPXELZJSL
6271,,,,,,MQUXFVFJOX
6273,,,,,,MRFCPRUMCU
6274,,,,,,MRLSAAYQPZ
6276,,,,,,MRZATVWSMW
6277,,,,,,MSIAYQOZGV
6281,,,,,,MSRVVGRLXS
6284,,,,,,MSZPRLTPGO
6286,,,,,,MTPFPWDOPG
6297,,,,,,MTWQAORZVQ
6301,,,,,,MUDVYPCTBF
6309,,,,,,MUJOQYREGH
6311,,,,,,MUKRIAPYOW
6316,,,,,,MUOQTYXPPH
6320,,,,,,MVEQFTZWIR
6334,,,,,,MVLUAFBFWS
6336,,,,,,MVSYMXKJUA
6340,,,,,,MVWGYPYZQL
6341,,,,,,MWJYTIJKNT
6344,,,,,,MWMUDZGYZZ
6346,,,,,,MWNFQXMJPB
6348,,,,,,MWRKRZGTPS
6349,,,,,,MWRMPBDBFY
6351,,,,,,MWVFZVLZZI
6354,,,,,,MWVQZIZJTI
6358,,,,,,MXFWHYCTVP
6360,,,,,,MXMPHIXNYO
6366,,,,,,MXOTFVYTTU
6367,,,,,,MXPBBSOMXU
6371,,,,,,MYMLIMCPGJ
6374,,,,,,MYXZQXLMBC
6377,,,,,,NAAAKDTFVS
6386,,,,,,NAGRTDWBYF
6395,,,,,,NAOXGOYWZF
6397,,,,,,NAQGOKPOGO
6400,,,,,,NBAGSJXJMM
6403,,,,,,NBUXBYCSKE
6404,,,,,,NBXLXBSLMZ
6412,,,,,,NDEBZTPSSU
6422,,,,,,NDLGEQAYOY
6423,,,,,,NDVBLOOWBA
6424,,,,,,NEDLCGZVFP
6425,,,,,,NEDMZJFCLZ
6432,,,,,,NEISPEWQSX
6439,,,,,,NEOQRZUJZS
6454,,,,,,NFOTGMBOHM
6457,,,,,,NGHFHYJCYU
6459,,,,,,NGNNPMBPTA
6464,,,,,,NGXJHYQSSD
6469,,,,,,NGZAAIMXBD
6471,,,,,,NHCZLWYOEP
6474,,,,,,NHETICDBSB
6476,,,,,,NHFILXCBHZ
6480,,,,,,NHFOZRJPHH
6484,,,,,,NHGLLLQDFC
6488,,,,,,NHIPQVAMPK
6491,,,,,,NHOPNFXMIN
6493,,,,,,NHTYEOTPZH
6505,,,,,,NIJOQAAGSO
6508,,,,,,NIQXOUSFEL
6515,,,,,,NIVAQCRVZZ
6528,,,,,,NJATAEIJUD
6529,,,,,,NJDCOGOAMC
6531,,,,,,NJDRLDVZGL
6535,,,,,,NJEBHCDREE
6537,,,,,,NJTOBJPQRR
6541,,,,,,NJTQROTNPX
6543,,,,,,NJWXEUAJBW
6544,,,,,,NJXMZWWFIW
6550,,,,,,NJYZFFKUGS
6556,,,,,,NKGHTIHDSE
6560,,,,,,NKNUJUAYFZ
6562,,,,,,NKVSFPUMAW
6567,,,,,,NLAOLZQCEC
6571,,,,,,NLAXLWDEOJ
6572,,,,,,NLEYGGVYUT
6575,,,,,,NLFVZVZIXY
6579,,,,,,NLIGDSPZTV
6581,,,,,,NLTEPCFHYL
6588,,,,,,NMZITKJSLL
6591,,,,,,NNERVZISQU
6601,,,,,,NNKEZNVAAB
6603,,,,,,NNSSYJCZBB
6606,,,,,,NNYQZYJJII
6610,,,,,,NOOHZVCBBL
6617,,,,,,NOZPYAFHGB
6619,,,,,,NPCZCIICRR
6621,,,,,,NPKNVSKUGE
6624,,,,,,NPUDUBHRXS
6625,,,,,,NPUPCXSYNS
6626,,,,,,NQDCKDPFQX
6633,,,,,,NQIUEMBYDI
6634,,,,,,NQJUNETRMZ
6636,,,,,,NQLRKPFGAQ
6644,,,,,,NQOOMFMQJU
6646,,,,,,NQOZJZNBMM
6647,,,,,,NRWRBIZCSX
6648,,,,,,NSEVIOMPNX
6649,,,,,,NSKFJJJYWD
6651,,,,,,NSXPYDTGXR
6652,,,,,,NSYKASOMUO
6656,,,,,,NTKEJECHUP
6657,,,,,,NTNUDZUIOU
6668,,,,,,NTWEWJLCIP
6671,,,,,,NUCHHTSXLA
6674,,,,,,NUYUKTLZKO
6680,,,,,,NUYXRDEGEB
6685,,,,,,NVPQVUGXVJ
6691,,,,,,NVROWWDEBX
6692,,,,,,NVTEFCOFXJ
6694,,,,,,NVVRXUKPMR
6699,,,,,,NVWFHSQAJU
6700,,,,,,NWGPYTLLMW
6702,,,,,,NWMTGUJEYX
6707,,,,,,NWTUJSIWDD
6709,,,,,,NXJWQCYQBJ
6715,,,,,,NXKUOTIMAQ
6718,,,,,,NXRPDJYFAM
6721,,,,,,NXSDSNQJJV
6731,,,,,,NXSTFMJXGD
6738,,,,,,NXZQXXWHZM
6739,,,,,,NYXKVXPFGQ
6740,,,,,,NZMSMRFOTQ
6744,,,,,,NZSZCIKOEJ
6747,,,,,,NZTFABLKKB
6749,,,,,,NZVFZNGSBL
6750,,,,,,OAHKFNEPLA
6751,,,,,,OBCLJNYPMQ
6756,,,,,,OBHAIGPEOC
6761,,,,,,OBITZDMJXL
6762,,,,,,OBXQXDODSO
6765,,,,,,OBYMUIICAH
6769,,,,,,OCFIVNUKOS
6773,,,,,,OCSFCGGKUI
6775,,,,,,OCSXVJKPQO
6776,,,,,,ODOUQKUGNG
6793,,,,,,ODTTYNSMBK
6805,,,,,,ODXNTISXSX
6806,,,,,,OEBEURDFWX
6810,,,,,,OEJXQWSOJN
6811,,,,,,OEMDTFORCZ
6813,,,,,,OEYFWTVJAQ
6814,,,,,,OEZDUFORBA
6815,,,,,,OFVXYJDAUD
6816,,,,,,OGPSOWPOOR
6821,,,,,,OHDJDZBRFZ
6827,,,,,,OHQQCGFJLY
6828,,,,,,OHQWTZWVRW
6833,,,,,,OHUQMUPWNC
6840,,,,,,OHWICWDNHK
6846,,,,,,OIAIOQBUDR
6852,,,,,,OIFJMJRBRM
6855,,,,,,OIZCSAWGUC
6860,,,,,,OJDTLFZSRZ
6870,,,,,,OJNTIDFSUP
6881,,,,,,OJPRHVFYBS
6885,,,,,,OJPWXNJNYM
6888,,,,,,OJQYHSRLYN
6892,,,,,,OJYRJJXYJD
6902,,,,,,OKPISHLZCY
6903,,,,,,OKWWIRZAYV
6905,,,,,,OKXYVHEARF
6910,,,,,,OLBRNIKCLG
6914,,,,,,OLCKJNVHAK
6916,,,,,,OLJLVIUFOH
6917,,,,,,OLLIKSGCPH
6920,,,,,,OLSENWIKWT
6926,,,,,,OLSGMKWPIX
6928,,,,,,OLYCSRHMYR
6931,,,,,,OMOGDOFUDQ
6934,,,,,,OMRDKMWRHG
6939,,,,,,ONMQDPSNHK
6940,,,,,,ONPPZPCXXU
6950,,,,,,OOBWIHDGET
6951,,,,,,OOIRJWPRYY
6955,,,,,,OOUKVNTQKI
6956,,,,,,OOVBUEUUJG
6965,,,,,,OOXBCQCOXM
6970,,,,,,OOZHPLVEKN
6972,,,,,,OPJTMIPJKU
6976,,,,,,OQBGZFHDFS
6983,,,,,,OQFXYVYAUW
6985,,,,,,OQIMDNCSYS
6987,,,,,,OQLPHQVGAL
6990,,,,,,OQNHUHPMSE
6993,,,,,,OQRFLSESKS
6995,,,,,,OQTCCMQDCL
6998,,,,,,OQWANYBROU
7015,,,,,,OQYGZEWJBW
7016,,,,,,ORGXCOBOXV
7020,,,,,,OROXPZZUVZ
7030,,,,,,ORTICMOWEC
7033,,,,,,OSAYEDCKMB
7039,,,,,,OSCYZOVQKA
7040,,,,,,OSETZJLPEQ
7047,,,,,,OSMKZGFEQA
7048,,,,,,OSWQREFCLX
7051,,,,,,OTUBZASTSJ
7052,,,,,,OUHFSPAUUT
7053,,,,,,OUINBVSZON
7055,,,,,,OUJCJCIGEN
7057,,,,,,OUUOCPMRVD
7059,,,,,,OVJSPNCPDX
7068,,,,,,OWBEEKDLKJ
7071,,,,,,OWJHDPLGQG
7072,,,,,,OWKRZNUTCC
7075,,,,,,OWLTCFSVQO
7078,,,,,,OXDNTIDODS
7085,,,,,,OXEZXVYOFQ
7094,,,,,,OXJINXAQDT
7096,,,,,,OXMQZYTANN
7100,,,,,,OXZGFJMURX
7103,,,,,,OYBLICUQXU
7109,,,,,,OYFJYAGYQU
7111,,,,,,OYGKIINUAW
7119,,,,,,OYMMSPYYXE
7124,,,,,,OYXHPDUAZT
7125,,,,,,OYYQXPXEKZ
7127,,,,,,OZDUYCSGQQ
7130,,,,,,OZEGOZOKOR
7138,,,,,,OZKIVDLZSN
7142,,,,,,OZKNXFWJVK
7143,,,,,,PABKNFJTAM
7145,,,,,,PACRLVEZKZ
7149,,,,,,PANNSMSYBF
7162,,,,,,PASRZKCAZH
7163,,,,,,PAYWHENQCX
7165,,,,,,PBBCESDICD
7168,,,,,,PBDQUMITWZ
7169,,,,,,PBFFRHHOGN
7174,,,,,,PBQZBHDOVK
7175,,,,,,PBRFEYNINA
7180,,,,,,PBRXWXRJXR
7182,,,,,,PBUAACOTMR
7197,,,,,,PCBEDFQAJH
7213,,,,,,PCBJVSSCPQ
7215,,,,,,PCEKGPOVCA
7219,,,,,,PCJOUAWYCD
7230,,,,,,PCJQXECGZI
7233,,,,,,PEVSSGVERQ
7234,,,,,,PEYTMIAACZ
7235,,,,,,PFAHHYMBZP
7240,,,,,,PFDHLWODLA
7244,,,,,,PFKDFMKSXF
7250,,,,,,PFOJQREYIB
7251,,,,,,PFTGWPQGXP
7254,,,,,,PFZRWWMCVP
7257,,,,,,PGAIEUYNJN
7258,,,,,,PGFYUQAZDS
7259,,,,,,PGITEAQOEF
7261,,,,,,PGKBCBGCPG
7262,,,,,,PGOLUBVYRV
7264,,,,,,PGRDWTZKPC
7265,,,,,,PGXFDSOMVK
7266,,,,,,PGYLZDVAYV
7269,,,,,,PHEKHLKXUA
7274,,,,,,PHIMAVFTBG
7279,,,,,,PHJAQQQODB
7280,,,,,,PHMALOZIIS
7284,,,,,,PIKNMLKDKF
7290,,,,,,PIUXVGAENR
7291,,,,,,PJACVAGSNN
7298,,,,,,PJEDQGKWZF
7302,,,,,,PJRQVNYWKR
7319,,,,,,PJTPIFPPCY
7322,,,,,,PKBEWVCZCJ
7328,,,,,,PKMEXRHJWN
7334,,,,,,PKPIMJZVJJ
7348,,,,,,PKVFLBMWYS
7351,,,,,,PKWUMQIYUF
7352,,,,,,PLBHAQEFIW
7358,,,,,,PLFACDRPSW
7361,,,,,,PLTYLCEFBO
7368,,,,,,PLVNPMLWBO
7370,,,,,,PMJSQZVABJ
7372,,,,,,PMMTKQRNLP
7375,,,,,,PMSXUOPSFF
7380,,,,,,PNELBTOBOV
7383,,,,,,PNFUNDARCI
7388,,,,,,PNLURQPKRH
7389,,,,,,PNYZQYQCJW
7396,,,,,,POJGFWFGMP
7399,,,,,,POYAVSIHLY
7400,,,,,,POZJYBRZVJ
7401,,,,,,PPMSMLRXLF
7402,,,,,,PPVOWYWSIG
7404,,,,,,PPYTVAGSTV
7411,,,,,,PPZPQZOIBE
7412,,,,,,PPZTNMTDIP
7421,,,,,,PQDIUAXXMX
7422,,,,,,PQPMXUVPDO
7432,,,,,,PRCPEFCHIR
7440,,,,,,PRNLQMJCBZ
7452,,,,,,PRZNTZTTNI
7456,,,,,,PSDJIXBALN
7465,,,,,,PSISUUNHNO
7466,,,,,,PSJYJLZVET
7473,,,,,,PSLZFHBCDX
7479,,,,,,PSMKIMLXIL
7480,,,,,,PSOJFGSNNP
7481,,,,,,PTABUBMLDE
7482,,,,,,PTERBBHFXL
7490,,,,,,PTLMVEZHEY
7491,,,,,,PTQITNCUGF
7494,,,,,,PTULNHQEDV
7498,,,,,,PTWNAQUZNO
7500,,,,,,PUAJKJWCSB
7505,,,,,,PUHGEATEQG
7506,,,,,,PUNAPSGUSS
7518,,,,,,PUQNIJETTP
7521,,,,,,PUWIJTDZSG
7523,,,,,,PUWUWIIWJT
7526,,,,,,PVDXFBWPGM
7528,,,,,,PVQFWXYLGH
7531,,,,,,PVSCWPPLKB
7533,,,,,,PVTLRSAXIW
7541,,,,,,PVTMUCPXBM
7542,,,,,,PVXORSHXIU
7545,,,,,,PWDVEYRCEJ
7552,,,,,,PWJNUOLOBZ
7557,,,,,,PWSIBFQQXN
7559,,,,,,PXHLYWVNZJ
7562,,,,,,PXLHFETYFZ
7570,,,,,,PXXHEPHSFW
7576,,,,,,PYCJHXCSHI
7577,,,,,,PYHUXIRHZR
7590,,,,,,PYINSEVNMD
7591,,,,,,PYXIFNVILN
7597,,,,,,PZGPVPWINS
7621,,,,,,PZHMYJDSNR
7625,,,,,,PZWIOEBPYK
7627,,,,,,PZZGLQJFPD
7628,,,,,,QADSYOWCAL
7629,,,,,,QAEZJOBRYA
7632,,,,,,QAMZABVICD
7648,,,,,,QANXPOJXMW
7657,,,,,,QAZYCBGWDA
7658,,,,,,QBIUJVIONT
7668,,,,,,QBKPIJNJYF
7675,,,,,,QBSPUXTXAY
7679,,,,,,QCCYJHLHLN
7680,,,,,,QCGEXXLHAU
7690,,,,,,QCJSGCOKGT
7695,,,,,,QCJVAWYIMF
7703,,,,,,QCOUWKIIEM
7706,,,,,,QCQNHNMDPA
7711,,,,,,QCRINUOKLH
7712,,,,,,QCWFDSZBVK
7713,,,,,,QDOAFZIIST
7722,,,,,,QELMFZSMPZ
7723,,,,,,QESPPTVRPO
7726,,,,,,QESSCBULEN
7730,,,,,,QEXCXLJESZ
7731,,,,,,QEZYRSDWMB
7738,,,,,,QFAPIKAOLF
7747,,,,,,QFJPNVFFGP
7748,,,,,,QFKMIWQDFA
7753,,,,,,QFMJDDIKEN
7762,,,,,,QFNVLENFVM
7764,,,,,,QFQVGXGDHF
7773,,,,,,QGEKVMJCWK
7776,,,,,,QGGDGUBOFX
7778,,,,,,QGHVCDPHUH
7779,,,,,,QGJPGEOMMY
7780,,,,,,QGKVYOPZEP
7782,,,,,,QGMJOTIUVD
7786,,,,,,QGYNDWIBRZ
7790,,,,,,QHAKOJXJYK
7794,,,,,,QHAWZVWIGZ
7801,,,,,,QHKOJPIVXI
7805,,,,,,QHLPTTFQSQ
7807,,,,,,QHSHEOOGWR
7808,,,,,,QHYPKQEXOI
7810,,,,,,QIBFEUIKDW
7812,,,,,,QIBIFYCTMH
7814,,,,,,QIBQBDUORX
7815,,,,,,QINUVSMRGV
7816,,,,,,QIPINEDDBP
7817,,,,,,QIRLGHFEYT
7836,,,,,,QIVENAXNSF
7838,,,,,,QJSGCYMHTY
7848,,,,,,QKFDTVBABN
7849,,,,,,QKIDKZWFWL
7855,,,,,,QKLMTDCBRY
7861,,,,,,QKMWPKJNTX
7867,,,,,,QKSEUMUXAZ
7873,,,,,,QKVSHVVCCL
7876,,,,,,QLDABYBCYO
7879,,,,,,QLHFMZKQRQ
7880,,,,,,QLQZOGXAHO
7881,,,,,,QLSPILCLFM
7882,,,,,,QMFJNMLJJR
7885,,,,,,QMHHXJANXT
7895,,,,,,QMMTQJOXIN
7900,,,,,,QMTCBELCXS
7902,,,,,,QMZKLYWOPZ
7908,,,,,,QNCQDDFNVW
7918,,,,,,QNDXBFRMXT
7921,,,,,,QNFQBKMZBC
7927,,,,,,QNHKRJKLCW
7939,,,,,,QNLNJTCOHU
7942,,,,,,QNQSVXSEUL
7945,,,,,,QNRFTRDCGA
7957,,,,,,QNWAUBDXHN
7959,,,,,,QOHIPFPEQX
7967,,,,,,QOTZREFEGP
7975,,,,,,QOVDCTYYGT
7977,,,,,,QPAYSXVIMF
7982,,,,,,QPEGZHZCVI
7993,,,,,,QPFYMZSQXL
7995,,,,,,QPGOFHSPFA
7996,,,,,,QPKTLLXDIY
7997,,,,,,QPWQRDXMTU
7999,,,,,,QPYNGGAMBO
8011,,,,,,QQCETARZIQ
8014,,,,,,QQJTPMCJII
8016,,,,,,QQREMTBZAS
8029,,,,,,QQWNIGXFKP
8036,,,,,,QRARSJAADR
8046,,,,,,QRPYYNENMY
8051,,,,,,QRUPRXHLHK
8057,,,,,,QRYEBMBBKK
8058,,,,,,QSGYKNWJSA
8060,,,,,,QSKFVCPSTJ
8066,,,,,,QSPBPZMUQD
8067,,,,,,QSRUSYPHID
8074,,,,,,QTAZKXSVZV
8078,,,,,,QTCOWPJDOZ
8081,,,,,,QTDLLGHVKB
8084,,,,,,QTKQIIZFMH
8087,,,,,,QTXQHBWLMD
8095,,,,,,QUDZNUWIGL
8097,,,,,,QUFLAXZPQD
8098,,,,,,QUFTFCISGA
8108,,,,,,QUJXZSIFRN
8110,,,,,,QUQZXAHPLB
8113,,,,,,QVHYAYFJIB
8120,,,,,,QVOLASFSHV
8122,,,,,,QWCDIYEUCR
8135,,,,,,QWGJAUIAND
8142,,,,,,QWKWNSZGAK
8143,,,,,,QWWCPEPEHR
8147,,,,,,QXHHHZPIQV
8151,,,,,,QXMLVBJSTM
8155,,,,,,QXPESSNDBB
8157,,,,,,QXRTFOFZAT
8161,,,,,,QXSUGSBJVF
8162,,,,,,QXTBAYGWUO
8180,,,,,,QXURHZYNNR
8182,,,,,,QXVAJGUUES
8185,,,,,,QYBFQOHBPL
8186,,,,,,QYSDSNGYBS
8188,,,,,,QYTZJRDRIM
8196,,,,,,QYWVCWTIJX
8199,,,,,,QZJAJHNUWQ
8208,,,,,,QZQVFXYHYC
8210,,,,,,RABZOTZSGF
8213,,,,,,RANIYZSKFA
8231,,,,,,RAVORCNJIV
8232,,,,,,RBGRFYWTLH
8236,,,,,,RBKADVAFUZ
8237,,,,,,RBRWZROFUK
8240,,,,,,RCHBBHXNVX
8243,,,,,,RCIHOEOPCF
8245,,,,,,RCIZKXBUZU
8248,,,,,,RDADJVHIIP
8259,,,,,,RDPYIQZBMC
8266,,,,,,RDQCEPLWPH
8268,,,,,,RDSCXNRSCF
8274,,,,,,RDYHYXSXXN
8284,,,,,,REBSMLGTTT
8289,,,,,,REPDYGPASW
8291,,,,,,REVAKLEGNI
8301,,,,,,REVEATQYWD
8305,,,,,,REXPZLADOG
8306,,,,,,REYBGTVOKY
8311,,,,,,RFDEWSCEGC
8313,,,,,,RFKCWKYIAC
8317,,,,,,RFTSZVCCAS
8321,,,,,,RFVVDJFEMQ
8323,,,,,,RGEDZASBRA
8333,,,,,,RGKHMWRUXA
8334,,,,,,RGKVJTEFWA
8341,,,,,,RGNBOYKHPC
8343,,,,,,RGOQOZZZUP
8346,,,,,,RHFUUDIWOO
8352,,,,,,RHYVOLYXVL
8353,,,,,,RIOYZGCQSC
8357,,,,,,RIXHGCSLTI
8364,,,,,,RJBHYAJXXH
8387,,,,,,RJFBLFKKBG
8389,,,,,,RJGFIJJORJ
8393,,,,,,RJHPJFJXRU
8395,,,,,,RJISFSBNJB
8398,,,,,,RJOAMEFMOW
8401,,,,,,RJPQIQLBMQ
8403,,,,,,RJWJAHXEVP
8408,,,,,,RKEGOKJKFH
8414,,,,,,RKGNYCJQCP
8416,,,,,,RKPYEGSHXA
8423,,,,,,RKVZVERVXV
8426,,,,,,RKXJYJNXLH
8438,,,,,,RKXKXRUCUG
8446,,,,,,RLPBUDYGVR
8448,,,,,,RLTRZMENQZ
8451,,,,,,RLYADWFJOZ
8452,,,,,,RLZJITABBI
8453,,,,,,RMJJJGRXKK
8459,,,,,,RMKBGYUNLU
8462,,,,,,RMLYHTQODI
8471,,,,,,RMOOYAAXLW
8472,,,,,,RMUMWAZBVV
8474,,,,,,RNPBRFDQDX
8484,,,,,,RNPSUXOQQS
8490,,,,,,RNVHBPJELP
8497,,,,,,ROJVKPPACP
8500,,,,,,ROKPCZPMPC
8502,,,,,,RONOBRKBAN
8506,,,,,,ROOLKIGWKR
8521,,,,,,ROVGLTVJNL
8524,,,,,,RPBXEZQAXD
8528,,,,,,RPCBUHERIS
8538,,,,,,RPHRQPAMPX
8543,,,,,,RPMZYRFMZF
8547,,,,,,RPUXZPTFEA
8550,,,,,,RPZHPPLJSH
8554,,,,,,RQFFFUVVSE
8555,,,,,,RQFYXAEDBX
8558,,,,,,RQIKBVPREN
8563,,,,,,RQVXVESISM
8566,,,,,,RQZZPECAAW
8571,,,,,,RRHIJXCZOY
8573,,,,,,RRVZREBVEO
8577,,,,,,RSCAJEQHJX
8579,,,,,,RSIFJSLTFF
8580,,,,,,RSNOQDEAFR
8581,,,,,,RSWKXRBRMS
8585,,,,,,RSXGQZXPIQ
8587,,,,,,RTAQGXBSDO
8591,,,,,,RTGBEMFZNO
8598,,,,,,RTKXUYGATG
8606,,,,,,RTWIUWYGKP
8610,,,,,,RUBEYQCJBJ
8611,,,,,,RUENBQWBTY
8618,,,,,,RUFAQXKBCW
8630,,,,,,RUKGXYNKIG
8635,,,,,,RUQHWTWNTS
8639,,,,,,RUQKWTGGZW
8644,,,,,,RUSAKXGRYP
8646,,,,,,RUVBKQFKLV
8655,,,,,,RUVTQMCOOW
8657,,,,,,RUYGZYNESD
8662,,,,,,RVASCJYIJA
8668,,,,,,RVBQTRKGXL
8670,,,,,,RVENOBWFUR
8677,,,,,,RVGNCLYCFL
8678,,,,,,RVMSZZDPNQ
8680,,,,,,RVMVGHFUCU
8681,,,,,,RVMYWKXHJP
8684,,,,,,RVTKYPJXNN
8687,,,,,,RWAHYEWWIJ
8694,,,,,,RWNAOXGDLV
8698,,,,,,RWOFRQNNBJ
8708,,,,,,RWQKNZRIVB
8714,,,,,,RXCRLMTNUZ
8715,,,,,,RXDXXBXPRD
8724,,,,,,RXSFAFBHIM
8726,,,,,,RYKPGVCXBA
8728,,,,,,RZUOTNOVKF
8731,,,,,,SAAFCDSWCC
8737,,,,,,SACGVDYWXR
8747,,,,,,SAEIIPZTOQ
8757,,,,,,SAKUUURMJB
8763,,,,,,SAUNAWXLAO
8765,,,,,,SAUTUJZJKV
8767,,,,,,SAVBYAAXCY
8768,,,,,,SBBBEDYHCI
8771,,,,,,SBJDEYMALZ
8772,,,,,,SBSBLVPGUR
8777,,,,,,SCHGLZATBF
8788,,,,,,SCIPTBCGIO
8790,,,,,,SCKBTGYQDW
8799,,,,,,SCMAXHERRE
8801,,,,,,SDNQBCHWEX
8807,,,,,,SEHJHNPOPG
8809,,,,,,SEQCZOTPYU
8812,,,,,,SFHIUFVTDB
8815,,,,,,SGFWTTZBMR
8819,,,,,,SGHPHRPZRR
8828,,,,,,SGONDKEWWI
8829,,,,,,SGSVVPUTKS
8831,,,,,,SGXJCKRHAX
8832,,,,,,SGXWRRJRKU
8836,,,,,,SHCDANVZGZ
8837,,,,,,SHKBQTZWSS
8840,,,,,,SHOYEGWUSO
8843,,,,,,SHSQGQFVRJ
8844,,,,,,SHXIPOAIOJ
8845,,,,,,SHXLGEIWRT
8847,,,,,,SIDCGRUUZP
8853,,,,,,SIEAGSEHEF
8856,,,,,,SIOXCOJDPW
8862,,,,,,SIQBEXSKSD
8863,,,,,,SIRKWRKFHO
8869,,,,,,SJAPYDZGDV
8880,,,,,,SJCMNYJLLY
8884,,,,,,SJGDAANOYJ
8901,,,,,,SJGRDZTJOQ
8905,,,,,,SJHLDZXIIV
8908,,,,,,SJIQQLAZKV
8912,,,,,,SJJUXAQJCD
8914,,,,,,SJMOFHRIKD
8916,,,,,,SJSCXVUKHH
8918,,,,,,SJWBAZVCLP
8919,,,,,,SKDUCKPVCE
8920,,,,,,SKHJAYCLJR
8922,,,,,,SKMOUGULLD
8926,,,,,,SKPAAAULAC
8928,,,,,,SKQKCUPFYQ
8932,,,,,,SKZABXPEBJ
8933,,,,,,SLLWYATCAI
8937,,,,,,SLPZBURUFG
8939,,,,,,SMKLJTDRID
8940,,,,,,SMQAFHAXDA
8942,,,,,,SMTAACMZBK
8943,,,,,,SNBUSTBMMK
8944,,,,,,SNDYIUCQAE
8947,,,,,,SNJWFDZFVA
8954,,,,,,SNMSATHWVR
8955,,,,,,SNNHMBOBXZ
8956,,,,,,SOECBZQBCV
8957,,,,,,SOFZTOQUHE
8958,,,,,,SOGYFLQCTV
8961,,,,,,SOKUKSZQWS
8966,,,,,,SOMOYBNEQM
8967,,,,,,SOYGIRNMVG
8968,,,,,,SPLUQDKFMN
8974,,,,,,SPWNMQUWDX
8975,,,,,,SQEHGFAJHW
8976,,,,,,SQKPERQWGO
8978,,,,,,SQNBXJNFSJ
8982,,,,,,SQOKGFHUZW
8983,,,,,,SQVWDWVAXV
8993,,,,,,SQWEFYXHWS
9003,,,,,,SRCGDDJHBN
9005,,,,,,SREGHYSIQZ
9009,,,,,,SSKURYLYZP
9015,,,,,,SSTLMNLTLH
9017,,,,,,SSZDSRLDJP
9018,,,,,,STERGDNWXV
9019,,,,,,STMXOSMSKD
9027,,,,,,STNMMWRGNJ
9030,,,,,,STRLZPAQID
9036,,,,,,STWPXVNOWA
9039,,,,,,STXPGPIRVM
9045,,,,,,SUJXJJNHSY
9051,,,,,,SUUTOJQNYX
9052,,,,,,SUVDTVEERU
9059,,,,,,SUZAZWTDMK
9063,,,,,,SVBIVGRYQT
9065,,,,,,SVSHIGYOEX
9066,,,,,,SVYESOOFWR
9075,,,,,,SVZOCGLGJQ
9076,,,,,,SWDEPMTWNT
9077,,,,,,SWTVRGRDVV
9078,,,,,,SXLZOCVZRY
9081,,,,,,SXQIAHQLHL
9083,,,,,,SXWABXPLOD
9097,,,,,,SXWSLWONYZ
9106,,,,,,SYFYYORJXC
9107,,,,,,SYJOYIZCAW
9109,,,,,,SYJUCSTRZE
9119,,,,,,SZHFWWYORF
9121,,,,,,SZKJJXOXFW
9122,,,,,,SZPJDWZFKB
9124,,,,,,SZYZIOBWSP
9126,,,,,,TADAHZBGFS
9127,,,,,,TAQJCBGQKM
9135,,,,,,TAYZJKDPWR
9141,,,,,,TBAMBLSUOW
9147,,,,,,TBHJNNWCXA
9153,,,,,,TBOHVHBVHZ
9157,,,,,,TBOXJQQNEA
9159,,,,,,TBZQLVKYBF
9161,,,,,,TCGQXEIWNJ
9163,,,,,,TCOMYVTCFB
9165,,,,,,TCTYJLSZJC
9174,,,,,,TCXBEACWDR
9176,,,,,,TCXYHIZXND
9180,,,,,,TDAWIZRNQC
9183,,,,,,TDCYDPSNSA
9191,,,,,,TDEPBBPPHX
9192,,,,,,TDEYMRGPQD
9193,,,,,,TDONYPJQLB
9206,,,,,,TDPRQIMSGW
9215,,,,,,TDQIHBITTJ
9216,,,,,,TECWTASWDE
9221,,,,,,TETASKGNVG
9231,,,,,,TFFIBPOIUW
9234,,,,,,TFHYNUQNMZ
9240,,,,,,TFSGVRKGOZ
9248,,,,,,TFSLPXACCH
9250,,,,,,TFTQSWIQUO
9254,,,,,,TFWLENSXYX
9255,,,,,,TGCRFBYXAV
9261,,,,,,TGRJGUKZXV
9262,,,,,,TGSLFQDOOY
9263,,,,,,TGZHTOOPYP
9264,,,,,,THDAXRZZCZ
9274,,,,,,THDKDGHOWS
9278,,,,,,THIOCXMDVS
9280,,,,,,THQAVKAGQW
9283,,,,,,THQLDCDOYN
9288,,,,,,THXBBCVKRR
9292,,,,,,TIHKOAMSAF
9293,,,,,,TIMEKZZXDN
9297,,,,,,TISJOGISFJ
9300,,,,,,TIUKJBDQNC
9303,,,,,,TJQXUVZUMH
9313,,,,,,TJSCNNOLPC
9314,,,,,,TKHEOPJHHX
9319,,,,,,TKPXOOQDYB
9321,,,,,,TKWFOYOILT
9324,,,,,,TKXEPUZMSX
9330,,,,,,TLBVFTMBPN
9332,,,,,,TLDDQKBQEW
9333,,,,,,TLHITDPRSA
9348,,,,,,TLRDJMXFGT
9357,,,,,,TMAVYVWSQQ
9358,,,,,,TMOMHXSGMX
9372,,,,,,TMXFGDDXQM
9374,,,,,,TMZQAICEFX
9379,,,,,,TNCSUPEEVY
9381,,,,,,TNGXBLJHQZ
9382,,,,,,TNMEKAVGLW
9383,,,,,,TNRLONNUAA
9384,,,,,,TOIVIYVAEG
9388,,,,,,TOLLJXXMVY
9397,,,,,,TOMUWSDIYR
9405,,,,,,TOSQZZOGEP
9411,,,,,,TOWYEVPYHY
9414,,,,,,TPLAPGPIHE
9415,,,,,,TPLPJVXCAS
9422,,,,,,TPRJOSVDOY
9431,,,,,,TPRTMRDJJD
9433,,,,,,TPSXHZKXEP
9435,,,,,,TQAQSPAERS
9437,,,,,,TQEYWDQUPT
9438,,,,,,TQWGKPRCQH
9456,,,,,,TRHILNUMZI
9461,,,,,,TRRFHUEWTD
9471,,,,,,TSAJSOJWXU
9472,,,,,,TSOTRISAEY
9479,,,,,,TSUUHIBPBM
9481,,,,,,TTJGKZQDZT
9484,,,,,,TTTJCDBBJB
9486,,,,,,TTUJEMBQWV
9513,,,,,,TTVFUYMIVE
9515,,,,,,TTYTCFGHXY
9517,,,,,,TUIBXHWESG
9520,,,,,,TUICNOJJRT
9521,,,,,,TUKZRKNGZC
9525,,,,,,TUTMSFSEGN
9527,,,,,,TUVUXRLMJS
9529,,,,,,TUYGXSKAKG
9531,,,,,,TVBPUHZKZA
9532,,,,,,TVICAKEHXP
9537,,,,,,TVMXOCCFJS
9540,,,,,,TVPEIKQUTF
9543,,,,,,TVPZQNANIZ
9545,,,,,,TWERYGENLM
9550,,,,,,TWZUFADPZT
9558,,,,,,TXANXRSAOU
9580,,,,,,TXHPFUUWBK
9583,,,,,,TXJIXBWONY
9586,,,,,,TXNJZYXHEV
9589,,,,,,TYTUYAKPGI
9591,,,,,,TYVFMQOHFJ
9597,,,,,,TYXRBZNXNE
9603,,,,,,TZCOBDIVXN
9609,,,,,,TZDBSEXUYY
9616,,,,,,TZFXDEZAIO
9617,,,,,,TZGROQOJPY
9619,,,,,,TZLNPRFIIN
9620,,,,,,UBGECTWTRF
9621,,,,,,UBPLNTHUZX
9623,,,,,,UBPUHKKFDL
9625,,,,,,UCAMJOSRRK
9628,,,,,,UCGXNIIXVR
9630,,,,,,UCJCJMLTPM
9637,,,,,,UCQYAPQFYU
9638,,,,,,UDAZKCAPTA
9647,,,,,,UDJWAFZMTV
9651,,,,,,UDVAEYYGKV
9652,,,,,,UEEWQDOTXP
9653,,,,,,UEFLVYDCSU
9654,,,,,,UENATBULHC
9669,,,,,,UERFQZPFRA
9672,,,,,,UFBPQTMYTJ
9675,,,,,,UFFRUFQLMG
9679,,,,,,UFQESQDFKN
9681,,,,,,UFRUGEIZMN
9682,,,,,,UGHFDHTXRD
9687,,,,,,UGHKKMOKNV
9698,,,,,,UGJNOFWVVX
9703,,,,,,UGTGZOCELN
9707,,,,,,UGTMGEEHZN
9708,,,,,,UGUSDOPQXQ
9709,,,,,,UHUYNDGDLY
9716,,,,,,UIYVUXKCVW
9717,,,,,,UJHPPHYJPV
9718,,,,,,UJKCVSBKNM
9722,,,,,,UJMODBVGXQ
9732,,,,,,UJNZOXTAUV
9736,,,,,,UJPPDPFFGB
9738,,,,,,UJWHIBMDAD
9739,,,,,,UJZOJNPBMC
9743,,,,,,UJZRSXHKRH
9744,,,,,,UKCNUIXOTJ
9745,,,,,,UKEAVDRBIM
9748,,,,,,UKOCNMXYTV
9750,,,,,,UKRBBANIBF
9752,,,,,,UKTNYHZETE
9754,,,,,,UKTRNUYUTW
9759,,,,,,UKVZKJVLSY
9769,,,,,,ULJKQWIGKR
9770,,,,,,ULLNQCLXKE
9771,,,,,,ULLZQCGVGX
9772,,,,,,ULPKCVRDNL
9774,,,,,,UMDCYHOPAG
9779,,,,,,UMHDEYCNOA
9781,,,,,,UMNIWUVVDM
9787,,,,,,UMXTNNDJZF
9789,,,,,,UMXWNANCFB
9791,,,,,,UNOUZZVWBD
9792,,,,,,UNPRBSVZIH
9793,,,,,,UNUSNTTYXR
9794,,,,,,UOFHSNABFH
9801,,,,,,UOIFWLFBND
9803,,,,,,UOPIHAFHRC
9804,,,,,,UPELAESVFE
9809,,,,,,UPJHDYQJPZ
9810,,,,,,UPOZGNPFCQ
9812,,,,,,UPXMXNQPFS
9819,,,,,,URCHJWNPVK
9824,,,,,,URFJCBHCVR
9826,,,,,,UROXWOUFBL
9835,,,,,,URPPWOXMRQ
9846,,,,,,URQKOWQDRJ
9847,,,,,,URVARRIBAV
9849,,,,,,URVRLHCXGT
9850,,,,,,USEDQJJTXO
9854,,,,,,USIXPGLKHG
9862,,,,,,USLSSFIDYW
9864,,,,,,USMNUCWHSH
9865,,,,,,USSMVNOYXN
9868,,,,,,USYNEBBACD
9869,,,,,,UTIMHHOHJP
9873,,,,,,UTLWLEORYD
9874,,,,,,UTUNLALFHY
9879,,,,,,UUQLDYXWJR
9898,,,,,,UVOOKLHPPX
9901,,,,,,UVPDZJTCCY
9902,,,,,,UVSZGNITOF
9903,,,,,,UVUBIERIOB
9905,,,,,,UVUGCCQAPY
9912,,,,,,UVZAQWHCUK
9917,,,,,,UWLCCXVHKH
9921,,,,,,UWPRAWXWVI
9922,,,,,,UWPYDDUWKA
9928,,,,,,UWRIJQLQJL
9930,,,,,,UWVNBAHBLJ
9937,,,,,,UWYUXQUJDJ
9939,,,,,,UXBAWFBGUO
9942,,,,,,UXDNPTPECX
9945,,,,,,UXHKQSMYVV
9953,,,,,,UXMMWSCPIB
9957,,,,,,UYLYZIPJWQ
9960,,,,,,UZCBTDSYBG
9961,,,,,,UZIDJUEORE
9969,,,,,,UZKIBZVDHF
9970,,,,,,UZLJPVTCXM
9981,,,,,,UZNAINNFPP
9988,,,,,,UZNPIVTKAE
9990,,,,,,VABPPLPKBI
9999,,,,,,VAEMAQTLXO
10001,,,,,,VAPDKQDUXN
10005,,,,,,VARKGSYEIV
10026,,,,,,VAUSUPUYIY
10029,,,,,,VBEIGJQTXG
10032,,,,,,VBIKENPYCB
10036,,,,,,VBIVRLQJLG
10038,,,,,,VBLGHLMEVE
10039,,,,,,VBLOZZZWJS
10041,,,,,,VBMYIHESMS
10052,,,,,,VBZKNCFPBU
10059,,,,,,VCBSIYWQGY
10064,,,,,,VCDZUIQOPB
10066,,,,,,VCECJKUKUM
10067,,,,,,VCNKGSMDCS
10073,,,,,,VCXQRWUNDL
10077,,,,,,VCYZMNQFYN
10081,,,,,,VDBWHAWROU
10082,,,,,,VDDDXLVYGW
10083,,,,,,VDDYNXOWXC
10084,,,,,,VDEQNVNZEU
10087,,,,,,VDNVRNQBWI
10091,,,,,,VDQHHTWPAP
10093,,,,,,VDTSJQOFMT
10096,,,,,,VDUODCFMKI
10101,,,,,,VDWFQGALHA
10126,,,,,,VEANALHEQH
10137,,,,,,VEHKOTILTM
10139,,,,,,VEYIFYUIOP
10140,,,,,,VFOKVUEWNV
10144,,,,,,VFOTWYAXYQ
10152,,,,,,VFRWGXREVC
10158,,,,,,VFVYNUSVFY
10164,,,,,,VGFGAEHIDL
10165,,,,,,VGOIEBGGHT
10170,,,,,,VGRTXESVAH
10177,,,,,,VGWFFDFJHT
10187,,,,,,VHANYAULAG
10195,,,,,,VHBMDGBJIO
10201,,,,,,VHIAQAURPA
10202,,,,,,VHKODSIJXM
10203,,,,,,VIBQTNWXXU
10205,,,,,,VIIBIKIXLL
10212,,,,,,VIJXQCYDEW
10213,,,,,,VIQFFCXSET
10223,,,,,,VIQNDTATLY
10225,,,,,,VIUBBRYEBQ
10226,,,,,,VJCVOXCWEB
10234,,,,,,VJERIFVDJQ
10235,,,,,,VKAYUAPTNB
10238,,,,,,VKGWFOFWLM
10242,,,,,,VKTDAARAJW
10246,,,,,,VKYGHKEKLI
10250,,,,,,VLDOXNOAHL
10252,,,,,,VLILDSMGRB
10257,,,,,,VLWURMMMEP
10259,,,,,,VLYTSSYJUK
10260,,,,,,VLZPJZILVL
10273,,,,,,VMATALNNXF
10276,,,,,,VMENIJZZYY
10281,,,,,,VMGGBQYPVQ
10282,,,,,,VMYEOKBUGE
10286,,,,,,VMYGFSSWHA
10287,,,,,,VMZSXEUJHH
10288,,,,,,VNKJUWKOIU
10293,,,,,,VNROWNIFOD
10301,,,,,,VNSLPNXZIC
10305,,,,,,VNWHTKCVXP
10308,,,,,,VNWWPEYHCM
10311,,,,,,VOOMUXMMFN
10314,,,,,,VOOTYELWHE
10316,,,,,,VOSPJOFGNR
10317,,,,,,VOZPKNVDCV
10327,,,,,,VPNYVMTMDF
10329,,,,,,VPPNYZFRHL
10331,,,,,,VPRXZMKDJI
10332,,,,,,VPSIPSEOYE
10333,,,,,,VPXPMLRPVQ
10334,,,,,,VPYDBZVHTE
10336,,,,,,VQDJFCGZCG
10339,,,,,,VQIEBSMYCF
10342,,,,,,VQXJSTIGGA
10348,,,,,,VRCETIUTBT
10349,,,,,,VRDMLMJLQY
10350,,,,,,VRQXHUISKH
10351,,,,,,VRSTCDGDOY
10355,,,,,,VRTMBXAOOI
10359,,,,,,VRXWOIKQNB
10360,,,,,,VRZLTAZKAD
10361,,,,,,VSAOUGQGCK
10364,,,,,,VSWIZRHHEH
10365,,,,,,VTHEXUZWCX
10366,,,,,,VTRXRQCUXZ
10369,,,,,,VTTOIIOXSX
10371,,,,,,VUBQAVNTFU
10373,,,,,,VUCVHLKJJO
10382,,,,,,VUHMNPTSUU
10397,,,,,,VUHSWNMGHH
10399,,,,,,VUNWIDSOJT
10401,,,,,,VUTPHFUBUJ
10403,,,,,,VUZLWIFHQJ
10406,,,,,,VVCTIPGMMH
10410,,,,,,VVEBTCTKRN
10412,,,,,,VWCZHHAPAU
10414,,,,,,VWNSYLULUL
10421,,,,,,VWPTBVEGYT
10424,,,,,,VWTTZIOENI
10430,,,,,,VXIBXYIHMJ
10433,,,,,,VXIOAQCPBJ
10434,,,,,,VXSNARFIXG
10437,,,,,,VXZAJDYYLZ
10438,,,,,,VYCFXBNCAN
10454,,,,,,VYGUUBQDJB
10456,,,,,,VYJOXMHJCS
10465,,,,,,VYQEGSTUJU
10466,,,,,,VYSJANYMXR
10470,,,,,,VYXIGQJMQU
10473,,,,,,VZEWEVCVSO
10480,,,,,,VZFEYUGVWT
10483,,,,,,VZFSLAZBIV
10489,,,,,,VZMPFDXVEW
10491,,,,,,VZRGXAPEEP
10496,,,,,,VZSJBBWGJT
10499,,,,,,WAJYMEGFNZ
10508,,,,,,WAPEOCCPJL
10510,,,,,,WAQETBIASO
10521,,,,,,WAWRWRJXVS
10523,,,,,,WBAKOJOYNQ
10525,,,,,,WBHXBGCPZU
10531,,,,,,WBKEOBLTHS
10533,,,,,,WBLJCWRVNA
10539,,,,,,WCMWXEJLRY
10541,,,,,,WDCBAOBGWP
10554,,,,,,WDCVWVFQAL
10557,,,,,,WDGHCJOPHW
10563,,,,,,WDIFPOWXAN
10565,,,,,,WDRORMPQQM
10566,,,,,,WDYRTNFZQW
10569,,,,,,WEDCCDIOBH
10571,,,,,,WEGVRIRPQK
10578,,,,,,WFFFEQNNMN
10585,,,,,,WFGDMSXQSI
10586,,,,,,WFXXIUJUYC
10588,,,,,,WGLVBWTJPD
10590,,,,,,WHFJUTFIDR
10592,,,,,,WHRHEXEPOM
10596,,,,,,WIFFOMLILV
10602,,,,,,WIKKFUACND
10606,,,,,,WIMPZBVRJC
10612,,,,,,WIXYEDDWFR
10618,,,,,,WJGEPPPWKP
10629,,,,,,WJTEHMDPYH
10632,,,,,,WKRULOAIHM
10640,,,,,,WKTUEVGAZY
10642,,,,,,WKUVKBVOSO
10643,,,,,,WLDRVFZWFY
10645,,,,,,WLFAWXHCGY
10649,,,,,,WLJDVOFXNJ
10652,,,,,,WLNKLAEIGK
10654,,,,,,WLOPUUZXTP
10664,,,,,,WLZAXXKFGX
10669,,,,,,WMBULRRBFC
10671,,,,,,WMHSMDQRTP
10683,,,,,,WMIVPJOMHB
10687,,,,,,WMJRZJNUMI
10690,,,,,,WMWKVKMISY
10709,,,,,,WMYSOCTNLN
10712,,,,,,WMZVZJRLDV
10716,,,,,,WNEEXKQGLA
10723,,,,,,WNKCTHUHYI
10727,,,,,,WNNOQOCXTZ
10728,,,,,,WNWKMPNYUN
10729,,,,,,WOOEJRSGNW
10737,,,,,,WOVQDNQQKH
10738,,,,,,WPAJQHLSUR
10740,,,,,,WPIBIYUVPB
10741,,,,,,WPMLBZYYTW
10752,,,,,,WQCCQJTEEE
10756,,,,,,WQCXHPIDID
10757,,,,,,WQDIFCDCRS
10758,,,,,,WQGDNPLCNO
10765,,,,,,WQNARHEDIF
10768,,,,,,WQNPMYWEDE
10776,,,,,,WRNDDIOMVG
10777,,,,,,WRQNMUXJJP
10782,,,,,,WRUSXPGONO
10788,,,,,,WSJDBMRINA
10795,,,,,,WSQVNMPZOH
10799,,,,,,WSTDBZCCQO
10800,,,,,,WSTRVGESFM
10802,,,,,,WTBXOREYRJ
10810,,,,,,WTCRSSFHHW
10812,,,,,,WTDFTHDIPV
10816,,,,,,WTFNQXEEJZ
10818,,,,,,WTHFISAUYN
10819,,,,,,WTKLYIATDL
10821,,,,,,WTUYXMJCLQ
10828,,,,,,WUFPIDMRKY
10829,,,,,,WUHVBHVTYP
10837,,,,,,WUMFFJAHAF
10838,,,,,,WUUEOSAGWD
10840,,,,,,WVEJRCAFIK
10841,,,,,,WVMKZTSFEG
10851,,,,,,WVMSKCJYLN
10855,,,,,,WWIBHNOGQO
10860,,,,,,WWWUCLGUCO
10863,,,,,,WWXKLNYLDU
10867,,,,,,WWYOUYKKUS
10871,,,,,,WXLVVCKYST
10877,,,,,,WXPMDRNEZT
10881,,,,,,WXPSYNPDOA
10883,,,,,,WXQTBSKVVG
10886,,,,,,WXYQNTIPVR
10888,,,,,,WYMNLYJMWD
10895,,,,,,WYNUJAWIDA
10902,,,,,,WYRHXLWMAY
10903,,,,,,WYVXJIWYFC
10906,,,,,,WZKHEMBXFN
10910,,,,,,WZQZKMNLYD
10917,,,,,,WZRKSZNUWI
10923,,,,,,WZRNPUPQIO
10924,,,,,,WZVVXMRKYV
10927,,,,,,XACONSTNWH
10931,,,,,,XAMBATUBVE
10933,,,,,,XATDZAOTAM
10940,,,,,,XBOKHZRNIX
10944,,,,,,XBQWBGSTFB
10945,,,,,,XBXYJJZTAH
10948,,,,,,XBYXPBSOCE
10950,,,,,,XCESINRFTX
10951,,,,,,XCJETCTITO
10952,,,,,,XCUTDIQPIM
10964,,,,,,XDCOHUXDBS
10966,,,,,,XDFBBSBHKN
10968,,,,,,XDFCAGMMHJ
10978,,,,,,XDHWGYRHSB
10983,,,,,,XDPBOILMLF
10984,,,,,,XDXMSTDEKY
10987,,,,,,XEGPZVRLUC
10993,,,,,,XEJQVAJUEY
10999,,,,,,XESIROZJQI
11009,,,,,,XFJNKMTNVK
11010,,,,,,XFPFTLIJIK
11021,,,,,,XFPOXGFHQY
11031,,,,,,XFRFGSVNMA
11035,,,,,,XFZRAHQYZT
11036,,,,,,XGEMDIGZSE
11042,,,,,,XGFYZZUXJR
11044,,,,,,XGJLIYOJTW
11047,,,,,,XGOBWHTTMW
11050,,,,,,XGRXEJYMAW
11056,,,,,,XGWEHOZUWS
11059,,,,,,XHIOCBXKJJ
11066,,,,,,XHXQHSLVIF
11068,,,,,,XIGVRDUCVE
11072,,,,,,XIUKYOUTHZ
11078,,,,,,XJBVYLOZVE
11081,,,,,,XJMJZQDDJC
11093,,,,,,XJNSFDFXKM
11097,,,,,,XJSTKQNVOV
11100,,,,,,XJZQYINHYO
11101,,,,,,XKBFTSCXBX
11103,,,,,,XKVXTLPTCR
11105,,,,,,XLEMVIZGQX
11111,,,,,,XLLBMYRTKT
11113,,,,,,XLTPDCZCPN
11114,,,,,,XMAQJUOCAK
11115,,,,,,XMLOSUAWEN
11117,,,,,,XNOJWXMYXO
11124,,,,,,XNQPVPMEUU
11134,,,,,,XNVFCAOPJW
11135,,,,,,XNVURJEHVZ
11141,,,,,,XNWQSLABMA
11146,,,,,,XNXMQBHBJP
11147,,,,,,XNYHBTBNDJ
11150,,,,,,XOAFELNOVA
11151,,,,,,XOAVQSMOKE
11156,,,,,,XOHIXWNCPL
11157,,,,,,XOKTNESPEO
11158,,,,,,XOLXNLHBCZ
11161,,,,,,XOTTQVKLOI
11166,,,,,,XOURFSTXDJ
11169,,,,,,XOVJNQKNMH
11170,,,,,,XPEASYVAOS
11171,,,,,,XPGTJYVEWP
11173,,,,,,XPHUHKFMCW
11174,,,,,,XPKYEUTLCU
11176,,,,,,XPMFZVVPXN
11184,,,,,,XPQUCNXGBX
11189,,,,,,XQAGOWBZJU
11190,,,,,,XQBMHXYVBZ
11197,,,,,,XQYEGAKKGN
11200,,,,,,XRCDMRZGUH
11201,,,,,,XRYYIPMYJL
11202,,,,,,XRZIBTHIMT
11203,,,,,,XSFSHIBNJG
11205,,,,,,XSLKJIFMPZ
11208,,,,,,XSMVTQDUWG
11215,,,,,,XSUHPGZSAB
11220,,,,,,XSVYRBTIAE
11222,,,,,,XSWOEMOKDC
11232,,,,,,XTAQSUSRGI
11234,,,,,,XTFSJKPKHL
11240,,,,,,XTOIAZWGRX
11242,,,,,,XTRZSDPVVV
11251,,,,,,XTTSRPLQSZ
11252,,,,,,XUBXVPNXOG
11263,,,,,,XUDWKHCOTH
11264,,,,,,XUHJJUYYSG
11266,,,,,,XVACGPNCAJ
11271,,,,,,XVIYJBRRJE
11276,,,,,,XVJVIBCAZY
11277,,,,,,XVQZAIRUWU
11279,,,,,,XWCTFCFFVJ
11280,,,,,,XWDUZFQPLE
11284,,,,,,XWHXETOMIX
11285,,,,,,XWIAMAWKZJ
11286,,,,,,XWLQHERGPM
11288,,,,,,XWLWOQJLSZ
11289,,,,,,XWPFZBHOHQ
11290,,,,,,XWQWCHEPGD
11293,,,,,,XWSHYWZUFH
11294,,,,,,XWSYJJIENY
11304,,,,,,XXHJUVIGCR
11308,,,,,,XXKQHJPKHX
11309,,,,,,XXPXVWXTHV
11320,,,,,,XYECIRVNCY
11331,,,,,,XZDBLHGFFB
11337,,,,,,XZYATVARXG
11344,,,,,,YACPQUXEWT
11362,,,,,,YAEVFPSRXX
11365,,,,,,YBHCUBLZYK
11368,,,,,,YBKPZBTEOV
11369,,,,,,YBTSOYXSJJ
11371,,,,,,YCQPNMJQIA
11375,,,,,,YDLEBDPLGS
11380,,,,,,YDOGOCUAPP
11405,,,,,,YDQSDEDFYL
11409,,,,,,YDRHCSFEYB
11412,,,,,,YDSYXTXNUN
11417,,,,,,YDVOCKTHPX
11423,,,,,,YDXMYVNMDR
11428,,,,,,YEDKKQPOOE
11434,,,,,,YESNTPBGXL
11436,,,,,,YETRUHPMJA
11440,,,,,,YEWTFMGSMN
11442,,,,,,YFKCVZSAJF
11444,,,,,,YFROGHEYSX
11456,,,,,,YGBRWVUUGR
11461,,,,,,YGCCOARDSL
11462,,,,,,YGCVQEXHQN
11463,,,,,,YGLLRNOUHW
11467,,,,,,YGQFYQIJUM
11473,,,,,,YGSUYNNRKN
11479,,,,,,YGYILEPHFK
11483,,,,,,YHAFDIRCLQ
11487,,,,,,YHAIDNMWLX
11492,,,,,,YHGCDBUZOO
11495,,,,,,YHOLTTBSIY
11498,,,,,,YHQRIVNDFA
11504,,,,,,YHQTJZTBNI
11505,,,,,,YHTRFQBWHB
11506,,,,,,YHWIIZTNTI
11508,,,,,,YHWZAZEZIA
11509,,,,,,YIHOQTHTKQ
11511,,,,,,YIMMKXJWGN
11512,,,,,,YIOTJVIGUL
11514,,,,,,YIRZRYJTJX
11518,,,,,,YJBGPEDKZH
11521,,,,,,YJUWGABPSV
11525,,,,,,YKEFTGFYKU
11537,,,,,,YKEOETLNNG
11540,,,,,,YKMNKMEOBP
11542,,,,,,YKNBVXZXAP
11543,,,,,,YKSZGXGEHF
11546,,,,,,YLCEHNZABA
11552,,,,,,YLDXHPXGGK
11558,,,,,,YLGSEEROLP
11561,,,,,,YLJXFOVMVA
11565,,,,,,YLNMDXFHRD
11567,,,,,,YLYOMGNIEN
11572,,,,,,YMCVHZEBPP
11575,,,,,,YMFDNPQKIM
11577,,,,,,YMLKEECUNC
11579,,,,,,YMPCXUJDLN
11582,,,,,,YMSWEEJFRE
11584,,,,,,YMVHSEWMYW
11589,,,,,,YNADKXKUGZ
11593,,,,,,YNEDSSCRJL
11595,,,,,,YNHTKRKQXL
11600,,,,,,YNPZDUBQMI
11605,,,,,,YNTYNXRSVT
11606,,,,,,YNWSJBWPHO
11612,,,,,,YOBNHOXFYF
11618,,,,,,YOGFHRSYPD
11632,,,,,,YOLOCFCJGX
11638,,,,,,YOLODVDAVI
11652,,,,,,YOWFQDXBQL
11669,,,,,,YPILOFTZHH
11672,,,,,,YPPFACAGRP
11674,,,,,,YPZFTJORJE
11680,,,,,,YPZHPYRBVI
11688,,,,,,YQRFAFTASN
11690,,,,,,YRDZUMJJBQ
11691,,,,,,YRGXMGUXZI
11692,,,,,,YRPPHFWDQJ
11701,,,,,,YRPTXYXQSZ
11708,,,,,,YRVBVHQFCF
11722,,,,,,YSQVJAKBWS
11725,,,,,,YSTDQRMYHC
11726,,,,,,YSWIFQYNKI
11728,,,,,,YSXLFUOUDZ
11730,,,,,,YTJRIQLIZD
11737,,,,,,YTNTDRSNDE
11739,,,,,,YTRGSLAFNU
11746,,,,,,YTZNFSAUTJ
11748,,,,,,YUORVWJVOA
11750,,,,,,YUXIGLBVCB
11754,,,,,,YVAZDWKCUX
11756,,,,,,YVECHFQZFW
11759,,,,,,YVEEUTXPTC
11765,,,,,,YVEOZFKCYR
11768,,,,,,YWAFEAPTQI
11769,,,,,,YWYFUPYJSW
11772,,,,,,YWYNMSWZMC
11775,,,,,,YWZYSMFYQC
11778,,,,,,YXEFHFVNFD
11780,,,,,,YXUNPEIVKR
11783,,,,,,YXZBNNGYQV
11784,,,,,,YYKBCOPSON
11785,,,,,,YZKWCMVGVO
11789,,,,,,YZOZRBDXGB
11790,,,,,,YZTGFFZRUA
11795,,,,,,ZANROXSCOM
11796,,,,,,ZAOUNXWMYT
11806,,,,,,ZATHTDYYDU
11808,,,,,,ZAZPQOMTIO
11813,,,,,,ZBCTHMSRLX
11815,,,,,,ZBCTRWKHUJ
11818,,,,,,ZBJTYBIGGI
11819,,,,,,ZBOKUFMDKQ
11820,,,,,,ZCKJHCTUBT
11830,,,,,,ZCNHYQKMGM
11837,,,,,,ZCSGTZPNDP
11840,,,,,,ZCXKLEKDVD
11847,,,,,,ZCYZOTHJAE
11852,,,,,,ZDCPFRDOKN
11861,,,,,,ZDCQVADSDR
11866,,,,,,ZDDWUVLDZV
11883,,,,,,ZDEXQKJRXG
11886,,,,,,ZDUWKBAHTW
11888,,,,,,ZEFCXZTLLU
11893,,,,,,ZEVIDAWEUO
11894,,,,,,ZEXBAAOZGB
11900,,,,,,ZEZZRTESNQ
11907,,,,,,ZFKKOJKZLV
11910,,,,,,ZGBEOYTVOQ
11914,,,,,,ZGERWMHTRW
11919,,,,,,ZGGYEKIYWW
11924,,,,,,ZGJCPISZQU
11927,,,,,,ZGTTOVGGVU
11936,,,,,,ZHKJDKEPON
11937,,,,,,ZHKZXJINRF
11942,,,,,,ZHQVSVOYMT
11943,,,,,,ZIAVCDMTEQ
11951,,,,,,ZIGLMNRCWK
11954,,,,,,ZIKWQWOVRZ
11969,,,,,,ZILCLVQPLG
11971,,,,,,ZJBSBTOVYX
11972,,,,,,ZJCJSFHRVC
11976,,,,,,ZJNRKCLLKA
11985,,,,,,ZJUGXVVUWO
12000,,,,,,ZJWMZFWXTS
12002,,,,,,ZJXCKBOQME
12005,,,,,,ZJXMJEWLYX
12013,,,,,,ZJZCQKSMYW
12016,,,,,,ZKAHTQKCOL
12018,,,,,,ZKWSKJZRFJ
12020,,,,,,ZLJQSRDJKX
12021,,,,,,ZLMQOCTINW
12026,,,,,,ZLPMBFEXTX
12034,,,,,,ZLRFTHZWTP
12037,,,,,,ZLTGMPFZUV
12041,,,,,,ZLVKSPNPGD
12042,,,,,,ZLZXFLZQFW
12044,,,,,,ZMLLCXRBPK
12046,,,,,,ZMQNARCFIU
12048,,,,,,ZMYOICKKJG
12050,,,,,,ZMZLRWNECU
12051,,,,,,ZNDYTBXYHM
12053,,,,,,ZNETCSGERB
12058,,,,,,ZNTAATCTJF
12061,,,,,,ZNTKHUJZBI
12063,,,,,,ZNWLFQFUZH
12064,,,,,,ZNXTPMBBCF
12072,,,,,,ZNZTMJAHUE
12075,,,,,,ZOFNELAOLR
12079,,,,,,ZOHOAPIFNM
12086,,,,,,ZOTJPOBMFK
12088,,,,,,ZOYWTXPOZY
12091,,,,,,ZPJCUXFDWE
12095,,,,,,ZPPKHTFGLJ
12101,,,,,,ZPRSUDKGIG
12103,,,,,,ZPSTJUENYI
12110,,,,,,ZPXBRFKZAU
12112,,,,,,ZQFIPOQZHG
12113,,,,,,ZQFLBOXLGI
12118,,,,,,ZQFNXUWBEY
12128,,,,,,ZQIHEJLMYU
12129,,,,,,ZQJRKKGMYP
12135,,,,,,ZQKSVRDHFS
12136,,,,,,ZRAEEGVMQR
12148,,,,,,ZSABSPEKWV
12150,,,,,,ZSAZXEKIGH
12156,,,,,,ZSLNFSZBIT
12157,,,,,,ZSMCILPIZB
12163,,,,,,ZSUEEXLUDD
12168,,,,,,ZTCCCBRXLY
12169,,,,,,ZTDOOARFJJ
12170,,,,,,ZTSGZDWMAL
12171,,,,,,ZTZJNOCBQQ
12180,,,,,,ZUBLRJSFXT
12191,,,,,,ZURDQBBFEY
12192,,,,,,ZUXNRWGOBK
12197,,,,,,ZUYVBMHCBS
12202,,,,,,ZVEGTAWNMX
12218,,,,,,ZVQUHIHGMV
12219,,,,,,ZVRSISFRUI
12220,,,,,,ZWCADXOTGL
12222,,,,,,ZWECTJNDKB
12226,,,,,,ZXKTFPKRES
12236,,,,,,ZXOFCYLMSV
12238,,,,,,ZXPGXOJPPY
12241,,,,,,ZXTGCWPUUL
12254,,,,,,ZXUVXRNSID
12256,,,,,,ZYBUMTNCVY
12261,,,,,,ZYKTZXDHHZ
12267,,,,,,ZYMJVDMGZY
12271,,,,,,ZZDUIDJXXS
12276,,,,,,ZZENJKIQTY
12277,,,,,,ZZFPBNUSVL
12278,,,,,,ZZGOQMDFDM
12279,,,,,,ZZYRYYMZRX
12284,,,,,,
12285,,,,,,
12297,,,,,,
12300,,,,,,
12309,,,,,,
12310,,,,,,
12316,,,,,,
12323,,,,,,
12325,,,,,,
12326,,,,,,
12327,,,,,,
12328,,,,,,
12330,,,,,,
12334,,,,,,
12337,,,,,,
12343,,,,,,
